Citance Number,Reference Article,Citing Article,Citation Marker Offset,Citation Marker,Citation Offset,Citation Text,Citation Text Clean,Reference Offset,Reference Text,Discourse Facet
1,A00-2030,W01-0510,0,"Miller et al., 2000",0,"Section 5 compares our approach tooth ers in the literature, in particular that of (Miller et al., 2000)","Section 5 compares our approach too thiers in the literature, in particular that of (Miller et al., 2000)",'1',dummy,methodcitation
2,A00-2030,W01-0510,0,"Miller et al, 2000",0,"The basic approach we described is very similar to the one presented in (Miller et al, 2000) however there are a few major di erences:  in our approach the augmentation of the syn tactic tags with semantic tags is straightforward due to the fact that the semantic constituents are matched exactly 5. The approach in (Miller","The basic approach we described is very similar to the one presented in (Miller et al, 2000) however there are a few major differences:  in our approach the augmentation of the syn tactic tags with semantic tags is straightforward due to the fact that the semantic constituents are matched exactly 5. The approach in (Miller",'1',dummy,methodcitation
3,A00-2030,W01-0510,0,"Miller et al, 2000",0,"The semantic annotation required by our task is much simpler than that employed by (Miller et al, 2000)","The semantic annotation required by our task is much simpler than that employed by (Miller et al, 2000)","'108','50','64'",dummy,methodcitation
4,A00-2030,W01-0510,0,"Miller et al, 2000",0,"One possibly bene cial extension of our work suggested by (Miller et al, 2000) would be to add semantic tags describing relations between entities (slots), in which case the semantic constraints would not be structured strictly on the two levels used in the current approach, respectively frame and slot level","One possibly beneficial extension of our work suggested by (Miller et al, 2000) would be to add semantic tags describing relations between entities (slots), in which case the semantic constraints would not be structured strictly on the two levels used in the current approach, respectively frame and slot level",'1',dummy,methodcitation
5,A00-2030,W01-0510,0,"Miller et al, 2000",0,"Similar to the approach in (Miller et al, 2000 )weinitialized the SLM statistics from the UPenn Tree bank parse trees (about 1Mwds of training data) at the rst training stage, see Section 3","Similar to the approach in (Miller et al, 2000) we initialized the SLM statistics from the UPenn Tree bank parse trees","'83','35','41','33'",dummy,methodcitation
6,A00-2030,P14-1078,0,"Miller et al, 2000",0,"Rule-based methods (Miller et al, 2000) employ a number of linguistic rules to capture relation patterns","Rule-based methods (Miller et al, 2000) employ a number of linguistic rules to capture relation patterns",'1',dummy,methodcitation
7,A00-2030,P05-1061,0,2000,0,"One interesting system that does not belong to the above class is that of Miller et al (2000), who take the view that relation extraction is just a form of probabilistic parsing where parse trees are augmented to identify all relations","One interesting system that does not belong to the above class is that of Miller et al (2000), who take the view that relation extraction is just a form of probabilistic parsing where parse trees are augmented to identify all relations","'2','41','34','33','83'",dummy,methodcitation
8,A00-2030,P05-1053,0,2000,0,"Miller et al (2000) augmented syntactic full parse trees with semantic information corresponding to entities and relations, and built generative models for the augmented trees","Miller et al (2000) augmented syntactic full parse trees with semantic information corresponding to entities and relations, and built generative models for the augmented trees","'34','52','95','41','33'",dummy,methodcitation
9,A00-2030,P05-1053,0,2000,0,"Complicated relation extraction tasks may also impose a big challenge to the modeling approach used by Miller et al (2000) which integrates various tasks such as part-of-speech tagging, named entity recognition, template element extraction and relation extraction, in a single model","Complicated relation extraction tasks may also impose a big challenge to the modeling approach used by Miller et al (2000) which integrates various tasks such as part-of-speech tagging, named entity recognition, template element extraction and relation extraction, in a single model","'26','61','101','21','22'",dummy,methodcitation
10,A00-2030,H05-1094,0,2000,0,"(Miller et al, 2000) have combined entity recognition, parsing, and relation extraction into a jointly-trained single statistical parsing model that achieves improved performance on all the subtasks. Part of the contribution of the current work is to suggest that joint decoding can be effective even when joint training is not possible because jointly-labeled data is unavailable","(Miller et al, 2000) have combined entity recognition, parsing, and relation extraction into a jointly-trained single statistical parsing model that achieves improved performance on all the subtasks. Part of the contribution of the current work is to suggest that joint decoding can be effective even when joint training is not possible because jointly-labeled data is unavailable","'26','61'",dummy,methodcitation
11,A00-2030,P04-1054,0,2000,0,Miller et al (2000) propose an integrated statistical parsing technique that augments parse trees with semantic labels denoting entity and relation types,Miller et al (2000) propose an integrated statistical parsing technique that augments parse trees with semantic labels denoting entity and relation types,"'58','41','33','24','26'",dummy,methodcitation
12,A00-2030,P04-1054,0,2000,0,"WhereasMiller et al (2000) use a generative model to produce parse information as well as relation information, we hypothesize that a technique discriminatively trained to classify relations will achieve better performance","Whereas Miller et al (2000) use a generative model to produce parse information as well as relation information, we hypothesize that a technique discriminatively trained to classify relations will achieve better performance","'26','2'",dummy,methodcitation
13,A00-2030,W05-0602,0,"Miller et al, 2000",0,"The syntactic model in (Miller et al, 2000) is similar to Collins?, but doesnot use features like sub cat frames and distance measures","The syntactic model in (Miller et al, 2000) is similar to Collins', but does not use features like subcat frames and distance measures","'64','80','26','106','28'",dummy,methodcitation
14,A00-2030,N07-2041,0,"Miller et al, 2000",0,"Similar to the approach in (Miller et al, 2000) and (Kulick et al, 2004), our parser integrates both syntactic and semantic annotations into a single annotation as shown in Figure 2","Similar to the approach in (Miller et al, 2000) and (Kulick et al, 2004), our parser integrates both syntactic and semantic annotations into a single annotation as shown in Figure 2","'50','105','35','108','10'",dummy,methodcitation
15,A00-2030,W10-2924,0,2000,0,Miller et al (2000) adapt a probabilistic context-free parser for information extraction by augmenting syntactic labels with entity and relation labels,Miller et al (2000) adapt a probabilistic context-free parser for information extraction by augmenting syntactic labels with entity and relation labels,"'6','2','104','58','59'",dummy,methodcitation
16,A00-2030,W06-0508,0,"Miller et al, 2000",0,"Most of the approaches for relation extraction rely on the mapping of syntactic dependencies, such as SVO, onto semantic relations, using either pattern matching or other strategies, such as probabilistic parsing for trees augmented with annotations for entities and relations (Miller et al 2000), or clustering of semantically similar syntactic dependencies, according to their selectional restrictions (Gamallo et al, 2002)","Most of the approaches for relation extraction rely on the mapping of syntactic dependencies, such as SVO, onto semantic relations, using either pattern matching or other strategies, such as probabilistic parsing for trees augmented with annotations for entities and relations (Miller et al 2000), or clustering of semantically similar syntactic dependencies, according to their selectional restrictions (Gamallo et al, 2002)","'34','52','2'",dummy,methodcitation
17,A00-2030,P07-1055,0,"Miller et al, 2000",0,"This includes parsing and relation extraction (Miller et al, 2000), entity labeling and relation extraction (Roth and Yih, 2004), and part-of-speech tagging and chunking (Sutton et al, 2004)","This includes parsing and relation extraction (Miller et al, 2000), entity labeling and relation extraction (Roth and Yih, 2004), and part-of-speech tagging and chunking (Sutton et al, 2004)","'22','26','61','101','21'",dummy,methodcitation
18,A00-2030,W05-0636,0,2000,0,"For example, Miller et al (2000) showed that performing parsing and information extraction in a joint model improves performance on both tasks","For example, Miller et al (2000) showed that performing parsing and information extraction in a joint model improves performance on both tasks","'11','26','2','0','105'",dummy,methodcitation
19,A00-2030,N06-1037,0,2000,0,Miller et al (2000) address the task of relation extraction from the statistical parsing viewpoint,Miller et al (2000) address the task of relation extraction from the statistical parsing viewpoint,"'26','0','64','1','2'",dummy,methodcitation
