Citance Number,Reference Article,Citing Article,Citation Marker Offset,Citation Marker,Citation Offset,Citation Text,Citation Text Clean,Reference Offset,Reference Text,Discourse Facet
2,A00-2018,N10-1002,0,"Charniak, 2000",0,"As a benchmark VPC extraction system, we use the Charniak parser (Charniak, 2000)","As a benchmark VPC extraction system, we use the Charniak parser (Charniak, 2000)","'19','89','91','7'",dummy,methodcitation
3,A00-2018,W11-0610,0,"Charniak, 2000",0,"Each of these scores can be calculated from a provided syntactic parse tree, and to generate these we made use of the Charniakparser (Charniak, 2000), also trained on the Switch board tree bank","Each of these scores can be calculated from a provided syntactic parse tree, and to generate these we made use of the Charniak parser (Charniak, 2000), also trained on the Switch board tree bank","'178','129','173','1','5'",dummy,methodcitation
4,A00-2018,W06-3119,0,"Charniak, 2000",0,"We then use Charniak? s parser (Charniak, 2000) to generate the most likely parse tree for each English target sentence in the training corpus","We then use Charniak's parser (Charniak, 2000) to generate the most likely parse tree for each English target sentence in the training corpus","'115','17','91','170','2'",dummy,methodcitation
5,A00-2018,N03-2024,0,"Charniak, 2000",0,"We were interested in the occurrence of features such as type and number of premodifiers, presence and type of post modifiers, and form of name reference for people. We constructed a large, automatically annotated corpus by merging the output of Charniak? s statistical parser (Charniak, 2000) with that of the IBM named entity recognition system Nominator (Wacholder et al,1997)","We were interested in the occurrence of features such as type and number of premodifiers, presence and type of post modifiers, and form of name reference for people. We constructed a large, automatically annotated corpus by merging the output of Charniak's statistical parser (Charniak, 2000) with that of the IBM named entity recognition system Nominator (Wacholder et al,1997)",'1',dummy,methodcitation
6,A00-2018,N06-1039,0,"Charniak, 2000",0,"After getting a set of basic clusters, we pass them to an existing statistical parser (Charniak, 2000) and rule-based tree normalizer to obtain a GLARFstructure for each sentence in every article","After getting a set of basic clusters, we pass them to an existing statistical parser (Charniak, 2000) and rule-based tree normalizer to obtain a GLARF structure for each sentence in every article",'7',dummy,methodcitation
7,A00-2018,C04-1180,0,2000,0,"The levels of accuracy and robustness recently achieved by statistical parsers (e.g. Collins (1999), Charniak (2000)) have led to their use in a number of NLP applications, such as question-answering (Pasca and Harabagiu, 2001), machine translation (Charniak et al, 2003), sentence simplification (Carroll et al, 1999), and a linguist? s search engine (Resnik and Elkiss, 2003)","The levels of accuracy and robustness recently achieved by statistical parsers (e.g. Collins (1999), Charniak (2000)) have led to their use in a number of NLP applications, such as question-answering (Pasca and Harabagiu, 2001), machine translation (Charniak et al, 2003), sentence simplification (Carroll et al, 1999), and a linguist? s search engine (Resnik and Elkiss, 2003)","'178','176','184'",dummy,methodcitation
8,A00-2018,W05-0638,0,"Charniak, 2000",0,"In CoNLL-2005, full parsing trees are provided by two full parsers: the Collins parser (Collins, 1999) and the Charniak parser (Charniak, 2000)","In CoNLL-2005, full parsing trees are provided by two full parsers: the Collins parser (Collins, 1999) and the Charniak parser (Charniak, 2000)","'48','117','108','175','189'",dummy,methodcitation
9,A00-2018,P05-1065,0,"Charniak, 2000",0,"We also use a standard statistical parser (Charniak, 2000) to provide syntactic analysis","We also use a standard statistical parser (Charniak, 2000) to provide syntactic analysis","'91','117','88','165','108'",dummy,methodcitation
10,A00-2018,P05-1065,0,"Charniak, 2000",0,"For each article, we calculated the per cent age of a) all word instances (tokens) and b) all unique words (types) not on these lists, resulting in three token OOV rate features and three type OOV rate features per article. The parse features are generated using the Charniak parser (Charniak, 2000) trained on the standard Wall Street Journal Treebank corpus","For each article, we calculated the percentage of a) all word instances (tokens) and b) all unique words (types) not on these lists, resulting in three token OOV rate features and three type OOV rate features per article. The parse features are generated using the Charniak parser (Charniak, 2000) trained on the standard Wall Street Journal Treebank corpus","'1','5','2','6','176'",dummy,methodcitation
11,A00-2018,P04-1040,0,2000,0,"The evaluation of the transformed output of the parsers of Charniak (2000) and Collins (1999) gives 90 %unlabelled and 84 %labelled accuracy with respect to dependencies, when measured against a dependency corpus derived from the Penn Treebank.The paper is organized as follows","The evaluation of the transformed output of the parsers of Charniak (2000) and Collins (1999) gives 90 % unlabelled and 84 % labelled accuracy with respect to dependencies, when measured against a dependency corpus derived from the Penn Treebank. The paper is organized as follows",'1',dummy,methodcitation
12,A00-2018,P04-1040,0,2000,0,"Blaheta and Charniak (2000) presented the first method for assigning Pennfunctional tags to constituents identified by a parser. Pattern-matching approaches were used in (John son, 2002) and (Jijkoun, 2003) to recover non-local dependencies in phrase trees","Blaheta and Charniak (2000) presented the first method for assigning Penn functional tags to constituents identified by a parser. Pattern-matching approaches were used in (Johnson, 2002) and (Jijkoun, 2003) to recover non-local dependencies in phrase trees","'1','9'",dummy,methodcitation
13,A00-2018,P04-1040,0,2000,0,"As an alternative to hard coded heuristics, Blaheta and Charniak (2000) proposed to recover the Penn functional tags automatically","As an alternative to hard coded heuristics, Blaheta and Charniak (2000) proposed to recover the Penn functional tags automatically",'1',dummy,methodcitation
17,A00-2018,N06-1022,0,2000,0,"The parser of Charniak (2000) is also a two-stage ctf model, where the first stage is a smoothed Markov grammar (it uses up to three previous constituents as context), and the second stage is a lexicalized Markov grammar with extra annotations about parents and grandparents","The parser of Charniak (2000) is also a two-stage ctf model, where the first stage is a smoothed Markov grammar (it uses up to three previous constituents as context), and the second stage is a lexicalized Markov grammar with extra annotations about parents and grandparents","'171','92','117','98','91'",dummy,methodcitation
18,A00-2018,N06-1022,0,2000,0,"Most recently, McDonald et al (2005) have implemented a dependency parser with good accuracy (it is almost as good at dependency parsing as Charniak (2000)) and very impressive speed (it is about ten times faster than Collins (1997) and four times faster than Charniak (2000))","Most recently, McDonald et al (2005) have implemented a dependency parser with good accuracy (it is almost as good at dependency parsing as Charniak (2000)) and very impressive speed (it is about ten times faster than Collins (1997) and four times faster than Charniak (2000))","'189','175','2','7'",dummy,methodcitation
19,A00-2018,H05-1035,0,"Charniak, 2000",0,"The feature set contains complex information extracted automatically from candidate syntax trees generated by parsing (Charniak, 2000), trees that will be improved by more accurate PP-attachment decisions","The feature set contains complex information extracted automatically from candidate syntax trees generated by parsing (Charniak, 2000), trees that will be improved by more accurate PP-attachment decisions",'1',dummy,methodcitation
20,A00-2018,P04-1042,0,2000,0,"Note that the dependency figures of Dienes lag behind even the parsed results for Johnson? s model; this may well be due to the fact that Dienes built his model as an extension of Collins (1999), which lags behind Charniak (2000) by about 1.3-1.5% .Manual investigation of errors on English gold standard data revealed two major issues that suggest further potential for improvement in performance without further increase in algorithmic complexity or training set size","Note that the dependency figures of Dienes lag behind even the parsed results for Johnson's model; this may well be due to the fact that Dienes built his model as an extension of Collins (1999), which lags behind Charniak (2000) by about 1.3-1.5%. Manual investigation of errors on English gold standard data revealed two major issues that suggest further potential for improvement in performance without further increase in algorithmic complexity or training set size",'1',dummy,methodcitation
