Citance Number,Reference Article,Citing Article,Citation Marker Offset,Citation Marker,Citation Offset,Citation Text,Citation Text Clean,Reference Offset,Reference Text,Discourse Facet
1,D09-1092,P14-1004,0,"Mimno et al, 2009",0,"This configuration is similar to PolyLDA (Mimno et al, 2009) or LinkLDA (Yano et al, 2009), such that utterances from different parties are treated as different languages or blog-post and comments pairs","This configuration is similar to PolyLDA (Mimno et al, 2009) or LinkLDA (Yano et al, 2009), such that utterances from different parties are treated as different languages or blog-post and comments pairs","'29','32','20','17','22'",dummy,methodcitation
2,D09-1092,P10-1044,0,"Mimno et al, 2009",0,"Our particular model, LinkLDA, has been applied to a few NLP tasks such as simultaneously modeling the words appearing in blog posts and users who will likely respond to them (Yano et al, 2009), modeling topic-aligned articles in different languages (Mimno et al, 2009), and word sense induction (Brody and Lapata, 2009)","Our particular model, LinkLDA, has been applied to a few NLP tasks such as simultaneously modeling the words appearing in blog posts and users who will likely respond to them (Yano et al, 2009), modeling topic-aligned articles in different languages (Mimno et al, 2009), and word sense induction (Brody and Lapata, 2009)","'32','128','20','3','17'",dummy,methodcitation
3,D09-1092,P11-2084,0,"Mimno et al, 2009",0,"(Mimno et al, 2009) retrieve a list of potential translations simply by selecting a small number N of the most probable words in both languages and then add the Cartesian product of these sets for every topic to a set of candidate translations","(Mimno et al, 2009) retrieve a list of potential translations simply by selecting a small number N of the most probable words in both languages and then add the Cartesian product of these sets for every topic to a set of candidate translations","'138','137','131','81','128'",dummy,methodcitation
4,D09-1092,E12-1014,0,"Mimno et al, 2009",0,"Our Wikipedia-based topic similarity feature, w (f, e), is similar in spirit to polylingualtopic models (Mimno et al 2009), but it is scalable to full bilingual lexicon induction","Our Wikipedia-based topic similarity feature, w (f, e), is similar in spirit to polylingual topic models (Mimno et al 2009), but it is scalable to full bilingual lexicon induction","'32','0','26','29','11'",dummy,methodcitation
5,D09-1092,D11-1086,0,"Mimno et al, 2009",0,"of English document and the second half of its aligned foreign language document (Mimno et al,2009)","For Europarl data sets, we artificially make them comparable by considering the first half of English document and the second half of its aligned foreign language document (Mimno et al,2009)","'147','196','182','172','170'",dummy,methodcitation
6,D09-1092,N12-1007,0,"Mimno et al, 2009",0,"Since the PLTM is not a contribution of this paper, we refer the interested reader to (Mimno et al, 2009) for more details","Since the PLTM is not a contribution of this paper, we refer the interested reader to (Mimno et al, 2009) for more details",'129',dummy,methodcitation
7,D09-1092,N12-1007,0,2009,0,"Evaluation Corpus The automatic evaluation of cross-lingual co reference systems requires annotated 10Mimno et al (2009) showed that so long as the proportion of topically-aligned to non-aligned documents exceeded 0.25, the topic distributions (as measured by mean Jensen-Shannon Divergence between distributions) did not degrade significantly","Mimno et al (2009) showed that so long as the proportion of topically-aligned to non-aligned documents exceeded 0.25, the topic distributions (as measured by mean Jensen-Shannon Divergence between distributions) did not degrade significantly","'118','122','156','79','84'",dummy,methodcitation
8,D09-1092,D10-1025,0,"Mimno et al, 2009",0,"Similarly, Polylingual Topic Models (PLTM) (Mimno et al, 2009) generalized LDA to tuples of documents from multiple languages","Similarly, Polylingual Topic Models (PLTM) (Mimno et al, 2009) generalized LDA to tuples of documents from multiple languages","'35','192','105','0','3'",dummy,methodcitation
9,D09-1092,D10-1025,0,"Mimno et al, 2009",0,"Our baseline joint PLSA model (JPLSA) is closely related to the poly-lingual LDA model of (Mimno et al, 2009)","Our baseline joint PLSA model (JPLSA) is closely related to the poly-lingual LDA model of (Mimno et al, 2009)","'35','29','32','130'",dummy,methodcitation
10,D09-1092,D10-1025,0,"Mimno et al, 2009",0,"We describe the model for two languages, but it is straightforward to generalize to more than two languages, as in (Mimno et al, 2009)","We describe the model for two languages, but it is straightforward to generalize to more than two languages, as in (Mimno et al, 2009)","'30','29','32','20','3'",dummy,methodcitation
11,D09-1092,D10-1025,0,"Mimno et al, 2009",0,"j=1 P (z2j|?) P (w 2 j| ?z2j) The difference between the JPLSA model and the poly-lingual topic model of (Mimno et al, 2009) is that we merge the vocabularies in the two languages and learn topic-specific word distributions over these merged vocabularies, instead of having pairs of topic-specific word distributions, one for each language, like in (Mimno et al, 2009)","The difference between the JPLSA model and the poly-lingual topic model of (Mimno et al, 2009) is that we merge the vocabularies in the two languages and learn topic-specific word distributions over these merged vocabularies, instead of having pairs of topic-specific word distributions, one for each language, like in (Mimno et al, 2009)","'29','155','22','78','32'",dummy,methodcitation
12,D09-1092,D10-1025,0,"Mimno et al, 2009",0,"Another difference between our model and the poly-lingual LDA model of (Mimno et al, 2009) is that we use maximum aposteriori (MAP) instead of Bayesian inference","Another difference between our model and the poly-lingual LDA model of (Mimno et al, 2009) is that we use maximum aposteriori (MAP) instead of Bayesian inference","'32','91','35','29','74'",dummy,methodcitation
13,D09-1092,D10-1025,0,"Mimno et al, 2009",0,"For computing distance we used the L1-norm of the difference, which worked a bit better than the Jensen Shannon divergence between the topic vectors used in (Mimno et al, 2009)","For computing distance we used the L1-norm of the difference, which worked a bit better than the Jensen Shannon divergence between the topic vectors used in (Mimno et al, 2009)","'156','118','158','29','32'",dummy,methodcitation
15,D09-1092,D10-1025,0,"Mimno et al, 2009",0,"In previously reported work, (Mimno et al, 2009) evaluate parallel document retrieval using PLTM on Europarl speeches in English and Spanish, using training and test sets of size similar to ours","In previously reported work, (Mimno et al, 2009) evaluate parallel document retrieval using PLTM on Europarl speeches in English and Spanish, using training and test sets of size similar to ours","'129','131','148','154','55'",dummy,methodcitation
16,D09-1092,W12-3117,0,"Mimno et al, 2009",0,"We assume that a higher dimensionality can lead to a better repartitioning of the vocabulary over the topics. Multilingual LDA has been used before in natural language processing ,e.g .polylingual topic models (Mimno et al, 2009) or multilingual topic models for unaligned text (Boyd-Graber and Blei, 2009)","Multilingual LDA has been used before in natural language processing, e.g. polylingual topic models (Mimno et al, 2009) or multilingual topic models for unaligned text (Boyd-Graber and Blei, 2009)","'35','31','0','29','11'",dummy,methodcitation
17,D09-1092,W11-2133,0,2009,0,"ji =wjk? M j i? m k=1w j k, (1) where M j is the topic distribution of document j and wk is the number of occurrences of phrase pair Xk in document j. Mimno et al (2009) extend the original concept of LDA to support polylingual topic models (PLTM), both on parallel (such as EuroParl) and partly comparable documents (such as Wikipediaarticles)","Mimno et al (2009) extend the original concept of LDA to support polylingual topic models (PLTM), both on parallel (such as EuroParl) and partly comparable documents (such as Wikipedia articles)","'0','35','11','170','32'",dummy,methodcitation
18,D09-1092,W11-2133,0,2009,0,Tuple-specific topic distributions arelearned using LDA with distinct topic-word concentration parameters? l. Mimno et al (2009) show that PLTM sufficiently aligns topics in parallel corpora,Mimno et al (2009) show that PLTM sufficiently aligns topics in parallel corpora,"'126','180','103','37','102'",dummy,methodcitation
19,D09-1092,P14-2110,0,"Mimno et al, 2009",0,"A good candidate for multilingual topic analyses are polylin gual topic models (Mimno et al, 2009), which learn topics for multiple languages, creating tuples of language specific distributions over monolingual vocabularies for each topic","A good candidate for multilingual topic analyses are polylingual topic models (Mimno et al, 2009), which learn topics for multiple languages, creating tuples of language specific distributions over monolingual vocabularies for each topic","'3','192','105','31','0'",dummy,methodcitation
20,D09-1092,P14-2110,0,2009,0,"3csLDATo train a polylingual topic model on social media, we make two modifications to the model of Mimno et al (2009): add a token specific language variable, and a process for identifying aligned top ics. First ,polylingual topic models require parallel or comparable corpora in which each document has an assigned language","To train a polylingual topic model on social media, we make two modifications to the model of Mimno et al (2009): add a token specific language variable, and a process for identifying aligned top ics","'3','192','9','35','29'",dummy,methodcitation
