Citance Number,Reference Article,Citing Article,Citation Marker Offset,Citation Marker,Citation Offset,Citation Text,Citation Text Clean,Reference Offset,Reference Text,Discourse Facet
1,D10-1044,P11-2074,0,"Foster et al, 2010",0,"Another popular task in SMT is domain adaptation (Foster et al, 2010)","Another popular task in SMT is domain adaptation (Foster et al, 2010)","'10','14','67','4','1'",dummy,methodcitation
2,D10-1044,P12-1048,0,"Foster et al, 2010",0,"In addition, discriminative weighting methods were proposed to assign appropriate weights to the sentences from training corpus (Matsoukas et al, 2009) or the phrase pairs of phrase table (Foster et al, 2010)","In addition, discriminative weighting methods were proposed to assign appropriate weights to the sentences from training corpus (Matsoukas et al, 2009) or the phrase pairs of phrase table (Foster et al, 2010)","'65','152','26','144','68'",dummy,methodcitation
3,D10-1044,D12-1129,0,"Foster et al., 2010",0,"Domain knowledge also has the potential to improve open-text applications such as summarization (Ceylan et al 2010) and machine translation (Foster et al., 2010) .Research in Word Sense Disambiguation (Navigli, 2009, WSD), the task aimed at the automatic labeling of text with word senses, has been oriented towards domain text understanding for several years now","Domain knowledge also has the potential to improve open-text applications such as summarization (Ceylan et al 2010) and machine translation (Foster et al., 2010)","'0','9','152','4','67'",dummy,methodcitation
4,D10-1044,P14-2093,0,2010,0,"Yasuda et al (2008) and Foster et al (2010) ranked the sentence pairs in the general-domain corpus according to the perplexity scores of sentences, which are computed with respect to in-domain language models","Yasuda et al (2008) and Foster et al (2010) ranked the sentence pairs in the general-domain corpus according to the perplexity scores of sentences, which are computed with respect to in-domain language models","'24','62','26','1','30'",dummy,methodcitation
5,D10-1044,E12-1055,0,2010,0,"However, such confounding factors do not affect the optimization algorithm, which works with a fixed set of phrase pairs, and merely varies? .Our main technical contributions are as fol lows: Additionally to perplexity optimization for linear interpolation, which was first applied by Foster et al (2010), we propose perplexity optimization for weighted counts (equation 3), and a modified implementation of linear interpolation. Also, we independently perform perplexity minimization for all four features of the standard SMTtranslation model: the phrase translation probabilities p (t|s) and p (s|t), and the lexical weights lex (t|s) and lex (s|t)","Our main technical contributions are as follows: Additionally to perplexity optimization for linear interpolation, which was first applied by Foster et al (2010), we propose perplexity optimization for weighted counts (equation 3), and a modified implementation of linear interpolation",'1',dummy,methodcitation
6,D10-1044,E12-1055,0,2010,0,"Matsoukas et al (2009) propose an approach where each sentence is weighted according to a classifier, and Foster et al (2010) ex tend this approach by weighting individual phrase pairs","Matsoukas et al (2009) propose an approach where each sentence is weighted according to a classifier, and Foster et al (2010) extend this approach by weighting individual phrase pairs","'65','67','152','26','144'",dummy,methodcitation
7,D10-1044,E12-1055,0,2010,0,"These more fine-grained methods need not be seen as alternatives to coarse-grained ones. Foster et al (2010) combine the two, applying linear interpolation to combine the instance 542 weighted out-of-domain model with an in-domain model","Foster et al (2010) combine the two, applying linear interpolation to combine the instance weighted out-of-domain model with an in-domain model","'133','78','129','45','89'",dummy,methodcitation
8,D10-1044,E12-1055,0,Foster et al 2010,0,Note that both data sets have a relatively high ratio of in-domain to out-of-domain parallel training data (1:20 for DE? EN and 1:5 for HT? EN) Previous research has been performed with ratios of 1:100 (Foster et al 2010) or 1:400 (Axelrod et al 2011),Note that both data sets have a relatively high ratio of in-domain to out-of-domain parallel training data (1:20 for DE? EN and 1:5 for HT? EN); Previous research has been performed with ratios of 1:100 (Foster et al 2010) or 1:400 (Axelrod et al 2011),"'133','5','9','26','17'",dummy,methodcitation
9,D10-1044,E12-1055,0,Foster et al 2010,0,"We expand on work by (Foster et al 2010) in establishing translation model perplexity minimization as a robust baseline for a weighted combination of translationmodels.15 We demonstrate perplexity optimization for weighted counts, which are a natural extension of unadapted MLE training, but are of little prominence in domain adaptation research",We expand on work by (Foster et al 2010) in establishing translation model perplexity minimization as a robust baseline for a weighted combination of translation models,"'26','30','152','67','7'",dummy,methodcitation
10,D10-1044,P12-1099,0,"Foster et al, 2010",0,"In addition to the basic approach of concatenation of in-domain and out-of-domain data, we also trained a log-linear mixture model (Foster and Kuhn, 2007) 940 as well as the linear mixture model of (Foster et al, 2010) for conditional phrase-pair probabilities over IN and OUT","In addition to the basic approach of concatenation of in-domain and out-of-domain data, we also trained a log-linear mixture model (Foster and Kuhn, 2007) as well as the linear mixture model of (Foster et al, 2010) for conditional phrase-pair probabilities over IN and OUT","'28','65','152','94','114'",dummy,methodcitation
11,D10-1044,P12-1099,0,2010,0,m ?mpm (e? |f?) Our technique for setting? m is similar to that outlined in Foster et al (2010),Our technique for setting ? m is similar to that outlined in Foster et al (2010),"'30','67','152','74','105'",dummy,methodcitation
12,D10-1044,P12-1099,0,"Foster et al., 2010",0,"m ?mpm (e? |f?) For efficiency and stability, we use the EMalgorithm to find??, rather than L-BFGS as in (Foster et al., 2010)","For efficiency and stability, we use the EM algorithm to find ?, rather than L-BFGS as in (Foster et al., 2010)",'75',dummy,methodcitation
13,D10-1044,P12-1099,0,2010,0,"Foster et al (2010), however, uses a different approach to select related sentences from OUT","Foster et al (2010), however, uses a different approach to select related sentences from OUT","'67','152','31','30','26'",dummy,methodcitation
14,D10-1044,P12-1099,0,2010,0,Foster et al (2010) propose asimilar method for machine translation that uses features to capture degrees of generality,Foster et al (2010) propose a similar method for machine translation that uses features to capture degrees of generality,"'22','30','67','152','0'",dummy,methodcitation
15,D10-1044,P13-1126,0,"Foster et al, 2010",0,"As in (Foster et al, 2010), this approach works at the level of phrase pairs","As in (Foster et al, 2010), this approach works at the level of phrase pairs","'67','23','152','26','65'",dummy,methodcitation
16,D10-1044,D11-1033,0,2010,0,"The ranking of the sentences in a general-domain corpus according to in-domain perplexity has also been applied to machine translation by both Yasuda et al (2008), and Foster et al (2010)","The ranking of the sentences in a general-domain corpus according to in-domain perplexity has also been applied to machine translation by both Yasuda et al (2008), and Foster et al (2010)","'26','0','152','136','24'",dummy,methodcitation
17,D10-1044,D11-1033,0,2010,0,"Foster et al (2010) do not mention what percentage of the corpus they select for their IR-baseline, but they concatenate the data to their in-domain corpus and re port a decrease in performance","Foster et al (2010) do not mention what percentage of the corpus they select for their IR-baseline, but they concatenate the data to their in-domain corpus and report a decrease in performance","'42','133','144','5','119'",dummy,methodcitation
18,D10-1044,D11-1033,0,2010,0,"Foster et al (2010) further perform this on extracted phrase pairs, not just sentences","Foster et al (2010) further perform this on extracted phrase pairs, not just sentences","'68','152','26','65','67'",dummy,methodcitation
19,D10-1044,P14-1012,0,"Foster et al, 2010",0,"To address the first shortcoming, we adapt and extend some simple but effective phrase features as the input features for new DNN feature learning, and these features have been shown significant improvement for SMT, such as, phrase pair similarity (Zhao et al, 2004), phrase frequency, phrase length (Hopkins and May, 2011), and phrase generative probability (Foster et al, 2010), which also show further improvement for new phrase feature learning in our experiments","To address the first shortcoming, we adapt and extend some simple but effective phrase features as the input features for new DNN feature learning, and these features have been shown significant improvement for SMT, such as, phrase pair similarity (Zhao et al, 2004), phrase frequency, phrase length (Hopkins and May, 2011), and phrase generative probability (Foster et al, 2010), which also show further improvement for new phrase feature learning in our experiments","'65','145','94','89','152'",dummy,methodcitation
