Citance Number,Reference Article,Citing Article,Citation Marker Offset,Citation Marker,Citation Offset,Citation Text,Citation Text Clean,Reference Offset,Reference Text,Discourse Facet
2,E03-1005,N06-1045,0,"Bod, 2003",0,"Data-Oriented Parsing (DOP)? s methodology is to calculate weighted derivations, but as noted in (Bod, 2003), it is the highest ranking parse, not derivation, that is desired","Data-Oriented Parsing (DOP)'s methodology is to calculate weighted derivations, but as noted in (Bod, 2003), it is the highest ranking parse, not derivation, that is desired","'105','46','52','6','102'",dummy,methodcitation
3,E03-1005,D07-1058,0,2003,0,"Goodman? s transform, in com bi nation with a range of heuristics, allowed Bod (2003) to run the DOP model on the Penn Treebank WSJ benchmark and obtain some of the best results obtained with a generative model","Goodman's transform, in combination with a range of heuristics, allowed Bod (2003) to run the DOP model on the Penn Treebank WSJ benchmark and obtain some of the best results obtained with a generative model","'145','135','105','3','134'",dummy,methodcitation
4,E03-1005,D07-1058,0,"Bod, 2003",0,"Zuidema (2006a) shows that also the estimator (Bod, 2003) uses is biased and inconsistent, and will, even in the limit of infinite data, not correctly identify many possible distributions over trees","Zuidema (2006a) shows that also the estimator (Bod, 2003) uses is biased and inconsistent, and will, even in the limit of infinite data, not correctly identify many possible distributions over trees","'137','37'",dummy,methodcitation
5,E03-1005,P11-1086,0,"Bod, 2003",0,"Second, we compare against a composed-rule system, which is analogous to the Data Oriented Parsing (DOP) approach in parsing (Bod, 2003)","Second, we compare against a composed-rule system, which is analogous to the Data Oriented Parsing (DOP) approach in parsing (Bod, 2003)","'143','88','21','23','113'",dummy,methodcitation
6,E03-1005,P04-1013,0,"Bod, 2003",0,"Our best performing model is more accurate than all these previous models except (Bod, 2003)","Our best performing model is more accurate than all these previous models except (Bod, 2003)","'46','6','107','21','100'",dummy,methodcitation
7,E03-1005,P04-1013,0,"Bod, 2003",0,"We find that the discriminative probability model is much worse than the generative one, but that training to optimize the discriminative criteria results in improved performance. Performance of the latter model on the standard test set achieves 90.1% F-measure on constituents, which is the second best current ac curacy level, and only 0.6% below the current best (Bod, 2003) .This paper has also proposed a neural network training method which optimizes a discriminative criteria even when the parameters being estimated are those of a generative probability model","Performance of the latter model on the standard test set achieves 90.1% F-measure on constituents, which is the second best current accuracy level, and only 0.6% below the current best (Bod, 2003)","'134','107'",dummy,methodcitation
10,E03-1005,E06-2025,0,"Bod, 2003",0,"Similarly, (Bod, 2003) changes the way frequenciesfi are counted, with a similar effect","Similarly, (Bod, 2003) changes the way frequencies fi are counted, with a similar effect",'37',dummy,methodcitation
12,E03-1005,W06-2905,0,"Bod, 2003",0,"(henceforth, STSGs), which can represent single words, contiguous and noncontiguous MWEs, context-free rules or complete parse trees in a unified representation. My approach is closely related to work in statistical parsing known as Data-Oriented Parsing (DOP), an empirically highly successful approach with labeled recall and precision scores on the Penn Tree Bank that are among the best currently obtained (Bod, 2003)","My approach is closely related to work in statistical parsing known as Data-Oriented Parsing (DOP), an empirically highly successful approach with labeled recall and precision scores on the Penn Tree Bank that are among the best currently obtained (Bod, 2003)","'126','133','135'",dummy,methodcitation
13,E03-1005,W06-2905,0,"Bod, 2003",0,"Shown are results were only elementary trees with scores higher than 0.3 and 0.1 respectively are used. However, more interesting is a qualitative analysis of the STSG induced, which shows that ,un like DOP1, push-n-pull arrives at a grammar that gives high weights (and scores) to those elementary3We approximated the most probable parse as follows (fol lowing (Bod, 2003))","We approximated the most probable parse as follows (following (Bod, 2003))","'135','70','100','86','96'",dummy,methodcitation
14,E03-1005,P05-1022,0,"Bod, 2003",0,"This result is only slightly higher than the highest reported result for this test-set, Bod? s (.907) (Bod,2003)","This result is only slightly higher than the highest reported result for this test-set, Bod's (.907) (Bod,2003)","'133','87'",dummy,methodcitation
16,E03-1005,P07-1051,0,2003,0,"This assumption is in consonance with the principle of simplicity, but there are also empirical reasons for the shortest derivation assumption: in Bod (2003) and Hearne and Way (2006), it is shown that DOP models that select the preferred parse of a test sentence using the shortest derivation criterion perform very well","This assumption is in consonance with the principle of simplicity, but there are also empirical reasons for the shortest derivation assumption: in Bod (2003) and Hearne and Way (2006), it is shown that DOP models that select the preferred parse of a test sentence using the shortest derivation criterion perform very well","'100','46','137','105','106'",dummy,methodcitation
17,E03-1005,P07-1051,0,"Bod, 2003",0,"But equally important is the fact that this new DOP* model does not suffer from a decrease in parse accuracy if larger subtrees are included, whereas the original DOP model needs to be redressed by a correction factor to maintain this property (Bod 2003)","But equally important is the fact that this new DOP* model does not suffer from a decrease in parse accuracy if larger subtrees are included, whereas the original DOP model needs to be redressed by a correction factor to maintain this property (Bod 2003)","'86','82','0','145','106'",dummy,methodcitation
18,E03-1005,P07-1051,0,2003,0,"Of course, it is well-known that a supervised parser? s f-score decreases if it is transferred to another domain: for example, the (non-binarized) WSJ-trained DOP model in Bod (2003) decreases from around 91% to 85.5% f score if tested on the Brown corpus","Of course, it is well-known that a supervised parser's f-score decreases if it is transferred to another domain: for example, the (non-binarized) WSJ-trained DOP model in Bod (2003) decreases from around 91% to 85.5% f score if tested on the Brown corpus","'21','34','11'",dummy,methodcitation
19,E03-1005,W04-0305,0,"Bod, 2003",0,"A moderately larger vocabulary version (4215 tag-word pairs) of this parser achieves 89.8% F-measure on section 0, where the best current result on the testing set is 90.7% (Bod, 2003)","A moderately larger vocabulary version (4215 tag-word pairs) of this parser achieves 89.8% F-measure on section 0, where the best current result on the testing set is 90.7% (Bod, 2003)",'134',dummy,methodcitation
20,E03-1005,P06-1109,0,2003,0,The probability of a parse tree T is the sum of the 1 This subtree probability is redressed by a simple correction factor discussed in Goodman (2003: 136) and Bod (2003),This subtree probability is redressed by a simple correction factor discussed in Goodman (2003: 136) and Bod (2003),"'72','68','36','74','88'",dummy,methodcitation
