Citance Number,Reference Article,Citing Article,Citation Marker Offset,Citation Marker,Citation Offset,Citation Text,Citation Text Clean,Reference Offset,Reference Text,Discourse Facet
1,J01-2004,W05-0104,0,2001,0,"Second, their language models were used to rescore n-best speech lists (supplied by Brian Roark, see Roark (2001))","Second, their language models were used to rescore n-best speech lists (supplied by Brian Roark, see Roark (2001))","'247','355','372','92','93'",dummy,methodcitation
2,J01-2004,P08-1013,0,2001,0,"Other linguistically inspired language models like Chelba and Jelinek (2000) and Roark (2001) have been applied to continuous speech recognition. These models have in common that they explicitly or implicitly use a context-free grammar induced from a tree bank, with the exception of Chelba and Jelinek (2000)",Other linguistically inspired language models like Chelba and Jelinek (2000) and Roark (2001) have been applied to continuous speech recognition,"'247','141','17','93','248'",dummy,methodcitation
4,J01-2004,P04-1015,0,"Roark, 2001a",0,"Theperceptron approach was implemented with the same feature set as that of an existing generative model (Roark, 2001a), and experimental results show that it gives competitive performance to the generative model on parsing the Penn tree bank","The perceptron approach was implemented with the same feature set as that of an existing generative model (Roark, 2001a), and experimental results show that it gives competitive performance to the generative model on parsing the Penn treebank","'10','4','132','364','346'",dummy,methodcitation
5,J01-2004,P04-1015,0,"Roark, 2001a",0,"We implemented the perceptron approach with the same feature set as that of an existing generative model (Roark, 2001a), and show that the per ceptron model gives performance competitive to that of the generative model on parsing the Penn tree bank, thus demonstrating that an unnormalized discriminative parsing model can be applied with heuristic search","We implemented the perceptron approach with the same feature set as that of an existing generative model (Roark, 2001a), and show that the perceptron model gives performance competitive to that of the generative model on parsing the Penn treebank, thus demonstrating that an unnormalized discriminative parsing model can be applied with heuristic search","'32','364','5'",dummy,methodcitation
6,J01-2004,P04-1015,0,2001a,0,"One way around this problem is to adopt a two-pass approach, where GEN (x) is the top N analyses under some initial model, as in the re ranking approach of Collins (2000) .In the current paper we explore alternatives to rerank ing approaches, namely heuristic methods for finding the arg max, specifically incremental beam-search strategies related to the parsers of Roark (2001a) and Ratnaparkhi (1999)","In the current paper we explore alternatives to reranking approaches, namely heuristic methods for finding the argmax, specifically incremental beam-search strategies related to the parsers of Roark (2001a) and Ratnaparkhi (1999)","'223','2'",dummy,methodcitation
7,J01-2004,P04-1015,0,2001a,0,"approach The parser is an incremental beam-search parser very similar to the sort described in Roark (2001a; 2004), with some changes in the search strategy to accommodate the perceptron feature weights","The parser is an incremental beam-search parser very similar to the sort described in Roark (2001a; 2004), with some changes in the search strategy to accommodate the perceptron feature weights","'268','137','223','297','121'",dummy,methodcitation
9,J01-2004,P04-1015,0,2001a,0,"Unlike in Roark (2001a; 2004), there is no look-ahead statistic, so we modified the feature set from those papers to explicitly include the lexical item and POS tag of the next word","Unlike in Roark (2001a; 2004), there is no look-ahead statistic, so we modified the feature set from those papers to explicitly include the lexical item and POS tag of the next word","'224','215','184','231','309'",dummy,methodcitation
10,J01-2004,P05-1022,0,"Roark, 2001",0,"A good example of this is the Roark parser (Roark, 2001) which works left-to right through the sentence, and abjures dynamic programming in favor of a beam search, keeping some large number of possibilities to extend by adding the next word, and then re-pruning","A good example of this is the Roark parser (Roark, 2001) which works left-to-right through the sentence, and abjures dynamic programming in favor of a beam search, keeping some large number of possibilities to extend by adding the next word, and then re-pruning","'297','109','121','126','25'",dummy,methodcitation
11,J01-2004,P05-1022,0,"Roark, 2001",0,"At the end one has a beam-width? s number of best parses (Roark, 2001) .The Collins parser (Collins, 1997) does use dynamic programming in its search","At the end one has a beam-width's number of best parses (Roark, 2001)","'255','304','122','223'",dummy,methodcitation
12,J01-2004,P05-1022,0,"Roark, 2001",0,"To put this in perspective, Roark (Roark, 2001) reports oracle results of 0.941 (with the same experimental setup) using his parser to return a variable number of parses","To put this in perspective, Roark (Roark, 2001) reports oracle results of 0.941 (with the same experimental setup) using his parser to return a variable number of parses",'291',dummy,methodcitation
13,J01-2004,P04-1006,0,"Roark, 2001",0,"We ran the first stage parser with 4-timesoverparsing for each string in 7The n? best lists were provided by Brian Roark (Roark, 2001) 8A local-tree is an explicit expansion of an edge and its children","The n-best lists were provided by Brian Roark (Roark, 2001)","'355','372','92'",dummy,methodcitation
14,J01-2004,P05-1063,0,"Roark, 2001a",0,"Incremental top down and left-corner parsing (Roark, 2001a; Roark, 2001b) and head-driven parsing (Charniak, 2001) approaches have directly used generative PCFG models as language models","Incremental top-down and left-corner parsing (Roark, 2001a; Roark, 2001b) and head-driven parsing (Charniak, 2001) approaches have directly used generative PCFG models as language models","'402','0','401','404','98'",dummy,methodcitation
15,J01-2004,W10-2009,0,"Roark, 2001",0,"Levy, on the other hand ,argued that studies of probabilistic parsing reveal that typically a small number of analyses are as signed the majority of probability mass (Roark, 2001)","Levy, on the other hand, argued that studies of probabilistic parsing reveal that typically a small number of analyses are assigned the majority of probability mass (Roark, 2001)","'59','267','0','2'",dummy,methodcitation
17,J01-2004,D09-1034,0,2001,0,"For example, in Demberg and Keller (2008), trials were run deriving surprisal from the Roark (2001) parser under two different conditions: fully lex icalized parsing, and fully unlexicalized parsing (to pre-terminal part-of-speech tags)","For example, in Demberg and Keller (2008), trials were run deriving surprisal from the Roark (2001) parser under two different conditions: fully lexicalized parsing, and fully unlexicalized parsing (to pre-terminal part-of-speech tags)","'363','108','1'",dummy,methodcitation
18,J01-2004,D09-1034,0,2001,0,"We modified the Roark (2001) parser to calculate the discussed measures 1, and the empirical results in? 4 show several things, including: 1) using a fully lexicalized parser to calculate syntactic surprisal and entropy provides higher predictive utility for reading times than these measures calculated via unlexicalized parsing (as in Demberg and Keller); and 2) syntactic entropy is a useful predictor of reading time","We modified the Roark (2001) parser to calculate the discussed measures, and the empirical results in ?4 show several things, including: 1) using a fully lexicalized parser to calculate syntactic surprisal and entropy provides higher predictive utility for reading times than these measures calculated via unlexicalized parsing (as in Demberg and Keller); and 2) syntactic entropy is a useful predictor of reading time","'19','2'",dummy,methodcitation
19,J01-2004,D09-1034,0,2001,0,"In this section, we review relevant details of the Roark (2001) incremental top-down parser, as configured for use here","In this section, we review relevant details of the Roark (2001) incremental top-down parser, as configured for use here","'268','76','75','36','209'",dummy,methodcitation
20,J01-2004,D09-1034,0,2001,0,"At each word in the string, the Roark (2001) top-down parser provides access to the weighted set of partial analyses in the beam; the set of complete derivations consistent with these is not immediately accessible, hence additional work is re quired to calculate such measures. Let H (D) be the entropy over a set of derivations D, calculated as follows: H (D)=? X D? D? (D) P D?? D? (D?) log? (D) P D?? D? (D?) (10) If the set of derivations D= D (G, W [1, i]) is a set of partial derivations for string W [1, i], then H (D) is a measure of uncertainty over the partial derivations ,i.e., the uncertainty regarding the correct analysis of what has already been processed","At each word in the string, the Roark (2001) top-down parser provides access to the weighted set of partial analyses in the beam; the set of complete derivations consistent with these is not immediately accessible, hence additional work is required to calculate such measures","'310','121','72','21','128'",dummy,methodcitation
