Citance Number,Reference Article,Citing Article,Citation Marker Offset,Citation Marker,Citation Offset,Citation Text,Citation Text Clean,Reference Offset,Reference Text,Discourse Facet
1,P05-1013,W05-1505,0,"Nivre and Nilsson, 2005",0,"Recent work by Nivre and Nilsson introduces a technique where the projectivization transformation is encoded in the non-terminals of constituents during parsing (Nivre and Nilsson, 2005)","Recent work by Nivre and Nilsson introduces a technique where the projectivization transformation is encoded in the non-terminals of constituents during parsing (Nivre and Nilsson, 2005)","'20','109','65','4','2'",dummy,methodcitation
2,P05-1013,P08-1006,0,"Nivre and Nilsson, 2005",0,"1http: //sourceforge.net/projects/mstparser Figure 1: CoNLL-X dependency tree Figure 2: Penn Treebank-style phrase structure tree KSDEP Sagae and Tsujii (2007)? s dependencyparser,2 based on a probabilistic shift-reduce algorithm extended by the pseudo-projective parsing technique (Nivre and Nilsson, 2005)","Sagae and Tsujii (2007)'s dependency parser, based on a probabilistic shift-reduce algorithm extended by the pseudo-projective parsing technique (Nivre and Nilsson, 2005)","'0','24','1','65','20'",dummy,methodcitation
3,P05-1013,W10-1401,0,"Nivre and Nilsson, 2005",0,"Bengoetxea and Gojenola (2010) discuss non-projective dependencies in Basque and show that the pseudo-projective transformation of (Nivre and Nilsson, 2005) improves accuracy for dependency parsing of Basque","Bengoetxea and Gojenola (2010) discuss non-projective dependencies in Basque and show that the pseudo-projective transformation of (Nivre and Nilsson, 2005) improves accuracy for dependency parsing of Basque","'20','0','2','109','104'",dummy,methodcitation
4,P05-1013,P12-3029,0,"Nivre and Nilsson, 2005",0,"For tree banks with non-projective trees weuse the pseudo-projective parsing technique to trans form the tree bank into projective structures (Nivre and Nilsson, 2005)","For tree banks with non-projective trees we use the pseudo-projective parsing technique to transform the tree bank into projective structures (Nivre and Nilsson, 2005)","'0','1','16','4','7'",dummy,methodcitation
5,P05-1013,W10-1403,0,"Nivre and Nilsson, 2005",0,"It uses graph transformation to handle non-projective trees (Nivre and Nilsson, 2005)","It uses graph transformation to handle non-projective trees (Nivre and Nilsson, 2005)","'2','20','109','56','4'",dummy,methodcitation
6,P05-1013,D08-1008,0,"Nivre and Nilsson, 2005",0,"To simplify implementation, we instead opted for the pseudo-projective approach (Nivre and Nilsson,2005), in which non projective links are lifted upwards in the tree to achieve projectivity, and special trace labels are used to enable recovery of the non projective links at parse time","To simplify implementation, we instead opted for the pseudo-projective approach (Nivre and Nilsson, 2005), in which non projective links are lifted upwards in the tree to achieve projectivity, and special trace labels are used to enable recovery of the non projective links at parse time","'95','91','23','104','20'",dummy,methodcitation
7,P05-1013,D07-1013,0,2005,0,",wn in O (n) time, producing a projective dependency graph satisfying conditions 1? 4 in section 2.1, possibly after adding arcs (0, i ,lr) for every node i 6= 0 that is a root in the output graph (where lr is a special label for root modifiers) .Nivre and Nilsson (2005) showed how the restriction to projective dependency graphs could be lifted by using graph transformation techniques to pre process training data and post-process parser output, so-called pseudo-projective parsing. To learn transition scores, these systems use discriminative learning methods ,e.g., memory-based learning or support vector machines","Nivre and Nilsson (2005) showed how the restriction to projective dependency graphs could be lifted by using graph transformation techniques to preprocess training data and post-process parser output, so-called pseudo-projective parsing","'20','109','26','2','28'",dummy,methodcitation
8,P05-1013,D07-1119,0,2005,0,"For handling non-projective relations, Nivre and Nilsson (2005) suggested applying a preprocessing step to a dependency parser, which consists in lifting non-projective arcs to their head repeatedly, until the tree becomes pseudo-projective","For handling non-projective relations, Nivre and Nilsson (2005) suggested applying a preprocessing step to a dependency parser, which consists in lifting non-projective arcs to their head repeatedly, until the tree becomes pseudo-projective","'37','56','2','0','23'",dummy,methodcitation
9,P05-1013,N07-1050,0,"Nivre and Nilsson, 2005",0,"Whereas most of the early approaches were limited to strictly projective dependency structures, where the projection of a syntactic head must be continuous, attention has recently shifted to the analysis of non-projective structures, which are required for linguistically adequate representations, especially in languages with free or flexible word order. The most popular strategy for capturing non projective structures in data-driven dependency parsing is to apply some kind of post-processing to the output of a strictly projective dependency parser, as in pseudo-projective parsing (Nivre and Nilsson, 2005), corrective modeling (Hall and Nova? k, 2005), or approximate non-projective parsing (McDonald and Pereira, 2006)","The most popular strategy for capturing non projective structures in data-driven dependency parsing is to apply some kind of post-processing to the output of a strictly projective dependency parser, as in pseudo-projective parsing (Nivre and Nilsson, 2005), corrective modeling (Hall and Nova? k, 2005), or approximate non-projective parsing (McDonald and Pereira, 2006)","'109','1','2','0','20'",dummy,methodcitation
10,P05-1013,W09-1207,0,"Nivre and Nilsson, 2005",0,"troduced in (Nivre and Nilsson, 2005) to handle the non-projective languages including Czech, German and English","We adopt the pseudo-projective approach introduced in (Nivre and Nilsson, 2005) to handle the non-projective languages including Czech, German and English","'4','104','0','106','89'",dummy,methodcitation
11,P05-1013,E09-1034,0,"Nivre and Nilsson, 2005",0,"non projective (Nivre and Nilsson, 2005), we char ac terise a sense in which the structures appearing in tree banks can be viewed as being only? slightly? ill-nested","However, just as it has been noted that most non-projective structures appearing in practice are only 'slightly' non projective (Nivre and Nilsson, 2005), we characterise a sense in which the structures appearing in tree banks can be viewed as being only 'slightly' ill-nested","'6','7','1','81','2'",dummy,methodcitation
12,P05-1013,W09-1218,0,"Nivre and Nilsson, 2005",0,"In order to avoid losing the benefits of higher-order parsing, we considered applying pseudo-projective transformation (Nivre and Nilsson, 2005)","In order to avoid losing the benefits of higher-order parsing, we considered applying pseudo-projective transformation (Nivre and Nilsson, 2005)","'0','104','1','95','20'",dummy,methodcitation
13,P05-1013,C08-1081,0,"Nivre and Nilsson, 2005",0,"Pseudo-projective parsing for recovering non projective structures (Nivre and Nilsson, 2005)","Pseudo-projective parsing for recovering non projective structures (Nivre and Nilsson, 2005)","'0','1','4','16','104'",dummy,methodcitation
14,P05-1013,C08-1081,0,2005,0,"Although the parser only derives projective graphs, the fact that these graphs are labeled allows non-projective dependencies to be captured using the pseudo-projective approach of Nivre and Nilsson (2005) (section 3.4)","Although the parser only derives projective graphs, the fact that these graphs are labeled allows non-projective dependencies to be captured using the pseudo-projective approach of Nivre and Nilsson (2005) (section 3.4)","'99','26','79','14','2'",dummy,methodcitation
15,P05-1013,C08-1081,0,2005,0,Pseudo-projective parsing was proposed by Nivreand Nilsson (2005) as a way of dealing with non projective structures in a projective data-driven parser,Pseudo-projective parsing was proposed by Nivreand Nilsson (2005) as a way of dealing with non projective structures in a projective data-driven parser,"'109','0','1','2','20'",dummy,methodcitation
16,P05-1013,C08-1081,0,2005,0,"Weprojectivize training data by a minimal transformation, lifting non-projective arcs one step at a time, and extending the arc label of lifted arcs using the encoding scheme called HEAD by Nivre and Nilsson (2005), which means that a lifted arc is assigned the label r? h, where r is the original label and h is the label of the original head in the non-projective dependency graph","We projectivize training data by a minimal transformation, lifting non-projective arcs one step at a time, and extending the arc label of lifted arcs using the encoding scheme called HEAD by Nivre and Nilsson (2005), which means that a lifted arc is assigned the label r? h, where r is the original label and h is the label of the original head in the non-projective dependency graph","'49','37','36','50','86'",dummy,methodcitation
17,P05-1013,D11-1006,0,"Nivre and Nilsson, 2005",0,"For tree banks with non-projective trees we use the pseudo-projective parsing technique to transform the tree bank into projective structures (Nivre and Nilsson, 2005)","For tree banks with non-projective trees we use the pseudo-projective parsing technique to transform the tree bank into projective structures (Nivre and Nilsson, 2005)","'0','1','16','4','7'",dummy,methodcitation
18,P05-1013,P11-2121,0,"Nivre and Nilsson, 2005",0,"Since the number of non-projective dependencies is much smaller than the number of projective dependencies (Nivre and Nilsson, 2005), it is not efficient to perform non-projective parsing for all cases","Since the number of non-projective dependencies is much smaller than the number of projective dependencies (Nivre and Nilsson, 2005), it is not efficient to perform non-projective parsing for all cases","'4','14','7','1','101'",dummy,methodcitation
19,P05-1013,E06-1010,0,"Nivre and Nilsson, 2005",0,"Itshould be noted that the proportion of lost dependencies is about twice as high as the proportion of dependencies that are non-projective in them selves (Nivre and Nilsson, 2005)","It should be noted that the proportion of lost dependencies is about twice as high as the proportion of dependencies that are non-projective in themselves (Nivre and Nilsson, 2005)","'14','101','80','89','4'",dummy,methodcitation
20,P05-1013,D07-1111,0,"Nivre and Nilsson, 2005",0,"The resulting algorithm is projective, and nonprojectivity is handled by pseudo-projective trans formations as described in (Nivre and Nilsson, 2005)","The resulting algorithm is projective, and nonprojectivity is handled by pseudo-projective transformations as described in (Nivre and Nilsson, 2005)","'0','65','79','104'",dummy,methodcitation
