Citance Number,Reference Article,Citing Article,Citation Marker Offset,Citation Marker,Citation Offset,Citation Text,Citation Text Clean,Reference Offset,Reference Text,Discourse Facet
1,P08-1028,D08-1094,0,2008,0,"Mitchell and Lapata (2008) propose a framework to represent the meaning of the combination p+ a as a function f operating on four components: c= f (p, a, R, K) (3) R is the relation holding between p and a, and Kadditional knowledge","Mitchell and Lapata (2008) propose a framework to represent the meaning of the combination p+ a as a function f operating on four components: c= f (p, a, R, K) (3) R is the relation holding between p and a, and K additional knowledge","'57','62','59','1'",dummy,methodcitation
4,P08-1028,P14-1060,0,2008,0,"While works such asthe SDSM model suffer from the problem of sparsity in composing structures beyond bi grams and trigrams, methods such as Mitchell and Lapata (2008) and (Socher et al, 2012) and Grefenstetteand Sadrzadeh (2011) are restricted by significant model biases in representing semantic com position by generic algebraic operations","While works such as the SDSM model suffer from the problem of sparsity in composing structures beyond bigrams and trigrams, methods such as Mitchell and Lapata (2008) and (Socher et al, 2012) and Grefenstette and Sadrzadeh (2011) are restricted by significant model biases in representing semantic com position by generic algebraic operations",'1',dummy,methodcitation
6,P08-1028,P10-1097,0,2008,0,"Mitchell and Lapata (2008), henceforth M& amp; L, propose a general framework in which meaning representations for complex expressions are computed compositionally by combining the vector representations of the individual words of the complex expression","Mitchell and Lapata (2008), henceforth M& amp; L, propose a general framework in which meaning representations for complex expressions are computed compositionally by combining the vector representations of the individual words of the complex expression","'1','189','25','21','28'",dummy,methodcitation
7,P08-1028,P10-1097,0,2008,0,"Interestingly, Mitchell and Lapata (2008) came to the same result in a different setting","Interestingly, Mitchell and Lapata (2008) came to the same result in a different setting",'1',dummy,methodcitation
8,P08-1028,D11-1094,0,2008,0,"And Mitchell and Lapata (2008) propose a model for vector composition, focusing on the different functions that might be used to combine the constituent vectors","And Mitchell and Lapata (2008) propose a model for vector composition, focusing on the different functions that might be used to combine the constituent vectors","'2','25','68','76','93'",dummy,methodcitation
9,P08-1028,W11-0131,0,2008,0,"Mitchell and Lapata (2008) provide a general framework for semantic vector composition: p= f (u, v, R, K) (1) 295 where u and v are the vectors to be composed, R is syntactic context, K is a semantic knowledge base, and p is a resulting composed vector (or tensor)","Mitchell and Lapata (2008) provide a general framework for semantic vector composition: p= f (u, v, R, K) (1) 295 where u and v are the vectors to be composed, R is syntactic context, K is a semantic knowledge base, and p is a resulting composed vector (or tensor)","'57','189','58','53','25'",dummy,methodcitation
10,P08-1028,W11-0131,0,2008,0,"As Mitchell and Lapata (2008) did, let us temporarily suspend discussion on what semantics populate our vectors for now","As Mitchell and Lapata (2008) did, let us temporarily suspend discussion on what semantics populate our vectors for now",'57',dummy,methodcitation
11,P08-1028,P13-2083,0,2008,0,"Mitchell and Lapata (2008) propose a framework to define the composition c= f (a, b, r, K) where r is the relation between a and b, and K is the additional knowledge used to define composition","Mitchell and Lapata (2008) propose a framework to define the composition c= f (a, b, r, K) where r is the relation between a and b, and K is the additional knowledge used to define composition","'57','59','62','189','25'",dummy,methodcitation
12,P08-1028,P13-2083,0,"Mitchell and Lapata, 2008",0,"As our final set of baselines, we extend two simple techniques proposed by (Mitchell and Lapata, 2008) that use element-wise addition and multiplication operators to perform composition","As our final set of baselines, we extend two simple techniques proposed by (Mitchell and Lapata, 2008) that use element-wise addition and multiplication operators to perform composition","'190','161','51','36','168'",dummy,methodcitation
13,P08-1028,P10-1021,0,2008,0,"Althoughthis model has been shown to successfully simulate single and multiple-word priming (McDonald and Brew 2004), it failed to predict processing costs in the Embra eye-tracking corpus (McDonald and Shillcock 2003) .In this work we model semantic constraint using the representational framework put forward in Mitchell and Lapata (2008)","Although this model has been shown to successfully simulate single and multiple-word priming (McDonald and Brew 2004), it failed to predict processing costs in the Embra eye-tracking corpus (McDonald and Shillcock 2003). In this work we model semantic constraint using the representational framework put forward in Mitchell and Lapata (2008)",'1',dummy,methodcitation
14,P08-1028,P10-1021,0,2008,0,"Assuming that h is a linear function of the Cartesian product of u and v allows to specify additive models which are by far the most common method of vector combination in the literature: hi =ui+ vi (3) Alternatively, we can assume that h is a linear function of the tensor product of u and v, and thus derive models based on multiplication: hi =ui? vi (4) Mitchell and Lapata (2008) show that several additive and multiplicative models can be formulated under this framework, including the well known tensor products (Smolensky 1990) and circular convolution (Plate 1995)","Mitchell and Lapata (2008) show that several additive and multiplicative models can be formulated under this framework, including the well known tensor products (Smolensky 1990) and circular convolution (Plate 1995)","'34','83','27','4','168'",dummy,methodcitation
15,P08-1028,W11-0115,0,2008,0,"Mitchell and Lapata (2008) introduce a whole family of models of compositionality based on vector addition and point wise-multiplication (and a weighted combination of both), evaluated on a sentence similarity task inspired by Kintsch (2001)","Mitchell and Lapata (2008) introduce a whole family of models of compositionality based on vector addition and point wise-multiplication (and a weighted combination of both), evaluated on a sentence similarity task inspired by Kintsch (2001)","'88','3','168','26','190'",dummy,methodcitation
16,P08-1028,W11-0115,0,2008,0,"The approach proposed by Guevara (2010) is really only an extension of the full additive model of Mitchell and Lapata (2008), the only difference being that adopting a supervised learning methodology ensures that the weight parameters in the function are estimated optimally by linear regression","The approach proposed by Guevara (2010) is really only an extension of the full additive model of Mitchell and Lapata (2008), the only difference being that adopting a supervised learning methodology ensures that the weight parameters in the function are estimated optimally by linear regression","'157','2'",dummy,methodcitation
17,P08-1028,W11-0115,0,2008,0,"For example, Mitchell and Lapata (2008) use their models to approximate the human ratings in their sentence similarity dataset","For example, Mitchell and Lapata (2008) use their models to approximate the human ratings in their sentence similarity dataset","'180','163','176','99','162'",dummy,methodcitation
18,P08-1028,W11-1310,0,2008,0,We use other WSM settings following Mitchell and Lapata (2008),We use other WSM settings following Mitchell and Lapata (2008),'7',dummy,methodcitation
19,P08-1028,W11-1310,0,2008,0,Mitchell and Lapata (2008) observed that a simple multiplication function modelled compositionality better than addition,Mitchell and Lapata (2008) observed that a simple multiplication function modelled compositionality better than addition,"'190','168','163'",dummy,methodcitation
20,P08-1028,W11-1310,0,"Mitchell and Lapata, 2008",0,"We use the compositionality functions, simple addition and simple multiplication to build compositional vectors Vwr1+wr2 and Vwr1 ?wr2. These are as described in (Mitchell and Lapata, 2008)","We use the compositionality functions, simple addition and simple multiplication to build compositional vectors Vwr1+wr2 and Vwr1 ?wr2. These are as described in (Mitchell and Lapata, 2008)","'190','168'",dummy,methodcitation
