Citance Number,Reference Article,Citing Article,Citation Marker Offset,Citation Marker,Citation Offset,Citation Text,Citation Text Clean,Reference Offset,Reference Text,Discourse Facet
1,P08-1043,C10-1045,0,2008,0,"Finally, we note that simple weighting gives nearly a 2% F1 improvement, whereas Goldberg and Tsarfaty (2008) found that unweighted lattices were more effective for Hebrew","Finally, we note that simple weighting gives nearly a 2% F1 improvement, whereas Goldberg and Tsarfaty (2008) found that unweighted lattices were more effective for Hebrew",'1',dummy,methodcitation
2,P08-1043,P11-1141,0,2008,0,Goldberg and Tsarfaty (2008) showed that a single model for morphological segmentation and syntactic parsing of Hebrew yielded an error reduction of 12% over the best pipelined models,Goldberg and Tsarfaty (2008) showed that a single model for morphological segmentation and syntactic parsing of Hebrew yielded an error reduction of 12% over the best pipelined models,"'0','4','3','19','49'",dummy,methodcitation
3,P08-1043,P10-1074,0,2008,0,"Zhang and Clark (2008) built a perceptron-based joint segmenter and part-of-speech (POS) tagger for Chinese, and Toutanova and Cherry (2009) learned a joint model of lemmatization and POS tagging which outperformed a pipelined model. Adler and Elhadad (2006) presented an HMMbased approach for unsupervised joint morphological segmentation and tagging of Hebrew, and Goldberg and Tsarfaty (2008) developed a joint model of segmentation, tagging and parsing of He brew, based on lattice parsing","Zhang and Clark (2008) built a perceptron-based joint segmenter and part-of-speech (POS) tagger for Chinese, and Toutanova and Cherry (2009) learned a joint model of lemmatization and POS tagging which outperformed a pipelined model. Adler and Elhadad (2006) presented an HMM-based approach for unsupervised joint morphological segmentation and tagging of Hebrew, and Goldberg and Tsarfaty (2008) developed a joint model of segmentation, tagging and parsing of Hebrew, based on lattice parsing","'0','17','49','3','192'",dummy,methodcitation
4,P08-1043,P11-1089,0,2008,0,Goldberg and Tsarfaty (2008) pro pose a generative joint model,Goldberg and Tsarfaty (2008) propose a generative joint model,"'0','3','152','175','151'",dummy,methodcitation
5,P08-1043,W10-1404,0,2008,0,Goldberg and Tsarfaty (2008) concluded that an integrated model of morphological disambiguation and syntactic parsing in Hebrew Treebank parsing improves the results of a pipelined approach,Goldberg and Tsarfaty (2008) concluded that an integrated model of morphological disambiguation and syntactic parsing in Hebrew Treebank parsing improves the results of a pipelined approach,"'4','0','49','47','3'",dummy,methodcitation
6,P08-1043,P11-2124,0,2008,0,Goldberg and Tsarfaty (2008) demonstrated the effectiveness of lattice parsing for jointly performing segmentation and parsing of Hebrewtext,Goldberg and Tsarfaty (2008) demonstrated the effectiveness of lattice parsing for jointly performing segmentation and parsing of Hebrew text,"'49','0','159','3','17'",dummy,methodcitation
7,P08-1043,P11-2124,0,"Goldberg and Tsarfaty, 2008",0,"Following (Goldberg and Tsarfaty, 2008) we deal with the ambiguous affixation patterns in Hebrew by encoding the input sentence as a segmentation lattice","Following (Goldberg and Tsarfaty, 2008) we deal with the ambiguous affixation patterns in Hebrew by encoding the input sentence as a segmentation lattice","'94','49','87','105','152'",dummy,methodcitation
8,P08-1043,P12-2002,0,2008,0,2The complete set of analyses for this word is provided in Goldberg and Tsarfaty (2008),The complete set of analyses for this word is provided in Goldberg and Tsarfaty (2008),"'33','85'",dummy,methodcitation
9,P08-1043,D12-1046,0,"Goldberg and Tsarfaty, 2008",0,"A study that is closely related toours is (Goldberg and Tsarfaty, 2008), where a single generative model was proposed for joint morphological segmentation and syntactic parsing for Hebrew","A study that is closely related to ours is (Goldberg and Tsarfaty, 2008), where a single generative model was proposed for joint morphological segmentation and syntactic parsing for Hebrew","'0','3','19','186','49'",dummy,methodcitation
10,P08-1043,D12-1133,0,2008,0,"Models that in addition incorporate morphological analysis and segmentation have been explored by Tsarfaty (2006), Cohen and Smith (2007), and Goldberg and Tsarfaty (2008) with special reference to Hebrew parsing","Models that in addition incorporate morphological analysis and segmentation have been explored by Tsarfaty (2006), Cohen and Smith (2007), and Goldberg and Tsarfaty (2008) with special reference to Hebrew parsing","'49','0','160','18','179'",dummy,methodcitation
11,P08-1043,E09-1038,0,"Goldberg and Tsarfaty, 2008",0,"4), and in a more realistic one in which parsing and segmentation are handled jointly by the parser (Goldberg and Tsarfaty, 2008) (Sec","Parsing and segmentation are handled jointly by the parser (Goldberg and Tsarfaty, 2008)","'49','0','159','163','158'",dummy,methodcitation
12,P08-1043,E09-1038,0,"Goldberg and Tsarfaty, 2008",0,"It is the same grammar as described in (Goldberg and Tsarfaty, 2008)","It is the same grammar as described in (Goldberg and Tsarfaty, 2008)",'1',dummy,methodcitation
14,P08-1043,E09-1038,0,2008,0,"Several studies followed this line, (Cohen and Smith, 2007) the most recent of which is Goldberg and Tsarfaty (2008), who presented a model based on unweighted lattice parsing for performing the joint task","The most recent of which is Goldberg and Tsarfaty (2008), who presented a model based on unweighted lattice parsing for performing the joint task","'0','158','3','79','68'",dummy,methodcitation
15,P08-1043,E09-1038,0,2008,0,Goldberg and Tsarfaty (2008) use a data-driven morphological analyzer derived from the tree bank,Goldberg and Tsarfaty (2008) use a data-driven morphological analyzer derived from the tree bank,"'136','133','112','47','86'",dummy,methodcitation
16,P08-1043,E09-1038,0,2008,0,The model of Goldberg and Tsarfaty (2008) uses a morphological analyzer to constructs a lattice for each input token,The model of Goldberg and Tsarfaty (2008) uses a morphological analyzer to constructs a lattice for each input token,"'133','112','69','85','79'",dummy,methodcitation
17,P08-1043,E09-1038,0,"Goldberg and Tsarfaty, 2008",0,"Instead, we use the evaluation measure of (Tsarfaty, 2006), also used in (Goldberg and Tsarfaty, 2008), which is an adaptation of parse val to use characters instead of space-delimited tokens as its basic units","Instead, we use the evaluation measure of (Tsarfaty, 2006), also used in (Goldberg and Tsarfaty, 2008), which is an adaptation of parseval to use characters instead of space-delimited tokens as its basic units","'73','135','1','34'",dummy,methodcitation
