Citance Number,Reference Article,Citing Article,Citation Marker Offset,Citation Marker,Citation Offset,Citation Text,Citation Text Clean,Reference Offset,Reference Text,Discourse Facet
1,P11-1061,P11-1144,0,2011,0,Subramanya et al? s model was extended by Das and Petrov (2011) to induce part-of-speech dictionaries for unsupervised learning of taggers,Subramanya et al's model was extended by Das and Petrov (2011) to induce part-of-speech dictionaries for unsupervised learning of taggers,"'18','38','113','1','0'",dummy,methodcitation
3,P11-1061,P14-1126,0,2011,0,"Fortunately, some recently proposed POS taggers, such as the POStagger of Das and Petrov (2011), rely only on labeled training data for English and the same kind of parallel text in our approach","Fortunately, some recently proposed POS taggers, such as the POS tagger of Das and Petrov (2011), rely only on labeled training data for English and the same kind of parallel text in our approach","'24','1','7','30','65'",dummy,methodcitation
4,P11-1061,N12-1086,0,"Das and Petrov, 2011",0,"Applications have ranged from domain adaptation of part-of-speech (POS) taggers (Subramanya et al, 2010), unsupervised learning ofPOS taggers by using bilingual graph-based projections (Das and Petrov, 2011), and shallow semantic parsing for unknown predicates (Das and Smith,2011)","Applications have ranged from domain adaptation of part-of-speech (POS) taggers (Subramanya et al, 2010), unsupervised learning of POS taggers by using bilingual graph-based projections (Das and Petrov, 2011), and shallow semantic parsing for unknown predicates (Das and Smith,2011)","'0','18','113','6','37'",dummy,methodcitation
5,P11-1061,N12-1086,0,2011,0,"Following Das and Petrov (2011) and Subramanya et al (2010), a similarity score between two trigram types was computed by measuring the cosine similarity between their empirical sentential context statistics","Following Das and Petrov (2011) and Subramanya et al (2010), a similarity score between two trigram types was computed by measuring the cosine similarity between their empirical sentential context statistics","'47','42','113','18','38'",dummy,methodcitation
6,P11-1061,N12-1086,0,"Das and Petrov, 2011",0,"Sparsity is desirable in settings where labeled development data for tuning thresholds that select the most probable labels for a given type is unavailable (e.g., Das and Petrov, 2011)","Sparsity is desirable in settings where labeled development data for tuning thresholds that select the most probable labels for a given type is unavailable (e.g., Das and Petrov, 2011)",'7',dummy,methodcitation
7,P11-1061,N12-1052,0,2011,0,"Specifically, by replacing fine-grained language specific part-of-speech tags with universal part-of-speech tags, generated with the method described by Das and Petrov (2011), a universal parser is achieved that can be applied to any language for which universal part-of-speech tags are available. Below, we extend this approach to universal parsing by adding cross-lingual word cluster features","Specifically, by replacing fine-grained language specific part-of-speech tags with universal part-of-speech tags, generated with the method described by Das and Petrov (2011), a universal parser is achieved that can be applied to any language for which universal part-of-speech tags are available. Below, we extend this approach to universal parsing by adding cross-lingual word cluster features","'113','18','96','1'",dummy,methodcitation
8,P11-1061,N12-1052,0,2011,0,"We study the impact of using cross-lingual cluster features by comparing the strong delexicalized baseline model of McDonald et al (2011), which only has features derived from universal part-of-speech tags, projected from English with the method of Das and Petrov (2011), to the same model when adding features derived from cross-lingual clusters","We study the impact of using cross-lingual cluster features by comparing the strong delexicalized baseline model of McDonald et al (2011), which only has features derived from universal part-of-speech tags, projected from English with the method of Das and Petrov (2011), to the same model when adding features derived from cross-lingual clusters","'18','3','113','17','140'",dummy,methodcitation
9,P11-1061,N12-1090,0,"Das and Petrov, (2011)",0,"MT-based projection has been applied to various NLP tasks, such as part of-speech tagging (e.g., Das and Petrov (2011)), mention detection (e.g., Zitouni and Florian (2008)), and sentiment analysis (e.g., Mihalcea et al (2007)) .There have been two initial attempts to apply projection to create co reference-annotated data for aresource-poor language, both of which involve projecting hand-annotated co reference data from English to Romanian via a parallel corpus","MT-based projection has been applied to various NLP tasks, such as part of-speech tagging (e.g., Das and Petrov (2011)), mention detection (e.g., Zitouni and Florian (2008)), and sentiment analysis (e.g., Mihalcea et al (2007))","'18','0','85','158','113'",dummy,methodcitation
10,P11-1061,W11-2205,0,2011,0,"For example, the multilingual PoS induction approach of Das and Petrov (2011) assumes no supervision for the language whose PoS tags are being 35 induced, but it assumes access to a labeled dataset of a different language. We begin by surveying recent work on unsupervised PoS tagging, focusing on the issue of evaluation (Section 2)","For example, the multilingual PoS induction approach of Das and Petrov (2011) assumes no supervision for the language whose PoS tags are being 35 induced, but it assumes access to a labeled dataset of a different language. We begin by surveying recent work on unsupervised PoS tagging, focusing on the issue of evaluation (Section 2)","'113','13','1','21','161'",dummy,methodcitation
11,P11-1061,P13-1155,0,"Das and Petrov, 2011",0,"(Das and Petrov, 2011) used graph-based label propagation for cross-lingual knowledge transfers to induce POS tags between two languages","(Das and Petrov, 2011) used graph-based label propagation for cross-lingual knowledge transfers to induce POS tags between two languages","'3','124','158','71','69'",dummy,methodcitation
12,P11-1061,D12-1127,0,2011,0,Recent work by Das and Petrov (2011 )buildsa dictionary for a particular language by transfer ring annotated data from a resource-rich language through the use of word alignments in parallel text,Recent work by Das and Petrov (2011 ) builds a dictionary for a particular language by transferring annotated data from a resource-rich language through the use of word alignments in parallel text,"'160','1','2','10','24'",dummy,methodcitation
13,P11-1061,D12-1127,0,"Das and Petrov, 2011",0,"Theseapproaches build a dictionary by transferring labeled data from a resource rich language (English) to a re source poor language (Das and Petrov, 2011)","These approaches build a dictionary by transferring labeled data from a resource rich language (English) to a resource poor language (Das and Petrov, 2011)","'1','10','2','160','113'",dummy,methodcitation
14,P11-1061,P12-3012,0,"Das and Petrov, 2011",0,"In recent years research in Natural Language Processing (NLP) has been steadily moving towards multilingual processing: the availability of ever growing amounts of text in different languages ,infact, has been a major driving force behind research on multilingual approaches, from morphosyntactic (Das and Petrov, 2011) and syntactico semantic (Peirsman and Pado?, 2010) phenomena to high-end tasks like textual entailment (Mehdad et al., 2011) and sentiment analysis (Lu et al, 2011)","In recent years research in Natural Language Processing (NLP) has been steadily moving towards multilingual processing: the availability of ever growing amounts of text in different languages, in fact, has been a major driving force behind research on multilingual approaches, from morphosyntactic (Das and Petrov, 2011) and syntactico semantic (Peirsman and Pado?, 2010) phenomena to high-end tasks like textual entailment (Mehdad et al., 2011) and sentiment analysis (Lu et al, 2011)","'5','113','8','1','13'",dummy,methodcitation
15,P11-1061,D11-1006,0,2011,0,"Furthermore, we evaluate with both gold-standard part-of-speech tags, as well as predicted part-of speech tags from the projected part-of-speech tagger of Das and Petrov (2011) .2 This tagger relies only onlabeled training data for English, and achieves accuracies around 85% on the languages that we con sider","Furthermore, we evaluate with both gold-standard part-of-speech tags, as well as predicted part-of speech tags from the projected part-of-speech tagger of Das and Petrov (2011). This tagger relies only on labeled training data for English, and achieves accuracies around 85% on the languages that we consider","'1','10','18','29','7'",dummy,methodcitation
16,P11-1061,D11-1006,0,2011,0,"In the first, we assumed that the test set for each target language had gold part-of-speech tags, and in the second we used predicted part-of-speech tags from the projection tagger of Das and Petrov (2011), which also uses English as the source language","In the first, we assumed that the test set for each target language had gold part-of-speech tags, and in the second we used predicted part-of-speech tags from the projection tagger of Das and Petrov (2011), which also uses English as the source language","'18','153','116','84','32'",dummy,methodcitation
17,P11-1061,P13-2112,0,2011,0,"This parallel data can be exploited to bridge languages, and in particular, transfer information from a highly-resourced language to a lesser-resourced language, to build unsupervised POS taggers. In this paper, we propose an unsupervised approach to POS tagging in a similar vein to the work of Das and Petrov (2011)","This parallel data can be exploited to bridge languages, and in particular, transfer information from a highly-resourced language to a lesser-resourced language, to build unsupervised POS taggers. In this paper, we propose an unsupervised approach to POS tagging in a similar vein to the work of Das and Petrov (2011)","'1','24','160','2','120'",dummy,methodcitation
18,P11-1061,P13-2112,0,2011,0,Das and Petrov (2011) achieved the current state-of-the-art for unsupervised tagging by exploiting high confidence alignments to copy tags from the source language to the target language,Das and Petrov (2011) achieved the current state-of-the-art for unsupervised tagging by exploiting high confidence alignments to copy tags from the source language to the target language,"'113','73','56','2','23'",dummy,methodcitation
19,P11-1061,P13-2112,0,"Das and Petrov, 2011",0,"We have proposed a method for unsupervised POStagging that performs on par with the current state of-the-art (Das and Petrov, 2011), but is subs tan tially less-sophisticated (specifically not requiring convex optimization or a feature-based HMM)","We have proposed a method for unsupervised POS tagging that performs on par with the current state of-the-art (Das and Petrov, 2011), but is substantially less-sophisticated (specifically not requiring convex optimization or a feature-based HMM)",'1',dummy,methodcitation
