Citance Number,Reference Article,Citing Article,Citation Marker Offset,Citation Marker,Citation Offset,Citation Text,Citation Text Clean,Reference Offset,Reference Text,Discourse Facet
1,P11-1060,D11-1039,0,2011,0,"Clarkeet al (2010) and Liang et al (2011) describe approaches for learning semantic parsers from questions paired with database answers, while Goldwasser et al (2011) presents work on unsupervised learning","Clarke et al (2010) and Liang et al (2011) describe approaches for learning semantic parsers from questions paired with database answers, while Goldwasser et al (2011) presents work on unsupervised learning","'9','132','156','8','158'",dummy,methodcitation
2,P11-1060,P13-1092,0,2011,0,"In particular, Clarke et al (2010) and Liang et al (2011) proposed methods to learn from question answer pairs alone, which represents a significant advance","In particular, Clarke et al (2010) and Liang et al (2011) proposed methods to learn from question answer pairs alone, which represents a significant advance","'132','2','9','156','13'",dummy,methodcitation
3,P11-1060,P13-1092,0,2011,0,"To handle syntax-semantics mismatch, GUSP introduces a novel dependency-based meaning representation 1Clarke et al (2010) and Liang et al (2011) used the annotated logical forms to compute answers for their experiments","To handle syntax-semantics mismatch, GUSP introduces a novel dependency-based meaning representation. Clarke et al (2010) and Liang et al (2011) used the annotated logical forms to compute answers for their experiments","'9','3','132','21','0'",dummy,methodcitation
4,P11-1060,P13-1092,0,2011,0,"More recently, Liang et al (2011 )proposedDCS for dependency-based compositional semantics, which represents a semantic parse as a tree with nodes representing database elements and operations, and edges representing relational joins","More recently, Liang et al (2011) proposed DCS for dependency-based compositional semantics, which represents a semantic parse as a tree with nodes representing database elements and operations, and edges representing relational joins","'0','21','25','158','36'",dummy,methodcitation
5,P11-1060,P13-1092,0,"Liang et al, 2011",0,"GUSP represents meaning by a semantic tree, which is similar to DCS (Liang et al, 2011)","GUSP represents meaning by a semantic tree, which is similar to DCS (Liang et al, 2011)","'71','34','132','160','158'",dummy,methodcitation
6,P11-1060,W12-2802,0,2011,0,"Matuszek et al [2010], Liang et al [2011] and Chen and Mooney [2011] describe models that learn compositional semantics, but word meanings are symbolic structures rather than patterns of features in the external world","Matuszek et al [2010], Liang et al [2011] and Chen and Mooney [2011] describe models that learn compositional semantics, but word meanings are symbolic structures rather than patterns of features in the external world",'1',dummy,methodcitation
7,P11-1060,P13-2009,0,"Liang et al, 2011",0,"It is well-studied in NLP, and a wide variety of methods have been proposed to tackle it ,e.g. rule-based (Popescu et al, 2003), super vised (Zelle, 1995), unsupervised (Goldwasser et al., 2011), and response-based (Liang et al, 2011)","It is well-studied in NLP, and a wide variety of methods have been proposed to tackle it ,e.g. rule-based (Popescu et al, 2003), super vised (Zelle, 1995), unsupervised (Goldwasser et al., 2011), and response-based (Liang et al, 2011)","'17','9'",dummy,methodcitation
8,P11-1060,D12-1069,0,Liangetal2011,0,"One line of work eliminates the need for an annotated logical form, instead using only the correct answer for a database query (Liangetal2011) or even a binary correct/incorrect signal (Clarke et al2010)","One line of work eliminates the need for an annotated logical form, instead using only the correct answer for a database query (Lianget al 2011) or even a binary correct/incorrect signal (Clarke et al2010)",'9',dummy,methodcitation
9,P11-1060,N12-1049,0,2011,0,"For example, Liang et al (2011) constructs a latent parse similar in structure to a dependency grammar, but representing a logical form","For example, Liang et al (2011) constructs a latent parse similar in structure to a dependency grammar, but representing a logical form","'9','117','132','24','169'",dummy,methodcitation
10,P11-1060,P12-1045,0,2011,0,Clarke et al (2010) and Liang et al (2011) trained systems on question and answer pairs by automatically finding semantic interpretations of the questions that would generate the correct answers,Clarke et al (2010) and Liang et al (2011) trained systems on question and answer pairs by automatically finding semantic interpretations of the questions that would generate the correct answers,"'10','35','9','160','115'",dummy,methodcitation
11,P11-1060,P14-1008,0,"Liang et al,2011",0,"Dependency-based Compositional Semantics (DCS) provides an intuitive way to model semantics of questions, by using simple dependency-like trees (Liang et al, 2011)","Dependency-based Compositional Semantics (DCS) provides an intuitive way to model semantics of questions, by using simple dependency-like trees (Liang et al, 2011)","'132','2','9','15','156'",dummy,methodcitation
12,P11-1060,P14-1008,0,"Liang et al, 2011",0,"DCS trees has been proposed to represent natural language semantics with a structure similar to dependency trees (Liang et al, 2011) (Figure 1)","DCS trees has been proposed to represent natural language semantics with a structure similar to dependency trees (Liang et al, 2011) (Figure 1)","'25','0','21','36','107'",dummy,methodcitation
13,P11-1060,P14-1008,0,"Liang et al, 2011",0,"are explained in? 2.5. 5http: //nlp.stanford.edu/software/corenlp.shtml 6 In (Liang et al, 2011) DCS trees are learned from QApairs and database entries","In (Liang et al, 2011) DCS trees are learned from QA pairs and database entries","'94','25','47','49','152'",dummy,methodcitation
14,P11-1060,P14-1008,0,"Liang et al, 2011",0,"as in the sentence? Tropi cal storm Debby is blamed for death?, which is a tropical storm, is Debby, etc. Technically, each germ in a DCS tree indicates a variable when the DCS tree is translated to a FOL formula, and the abstract denotation of the germ corresponds to the set of consistent values (Liang et al, 2011) of that variable","Technically, each germ in a DCS tree indicates a variable when the DCS tree is translated to a FOL formula, and the abstract denotation of the germ corresponds to the set of consistent values (Liang et al, 2011) of that variable","'132','160','167','45','12'",dummy,methodcitation
15,P11-1060,D11-1140,0,2011,0,Clarke et al (2010) and Liang et al (2011) replace semantic annotations in the training set with target answers which are more easily available,Clarke et al (2010) and Liang et al (2011) replace semantic annotations in the training set with target answers which are more easily available,"'84','42','85','43','51'",dummy,methodcitation
16,P11-1060,D11-1140,0,"Liang et al, 2011",0,"and Collins, 2005, 2007),? -WASP (Wong and Mooney, 2007), UBL (Kwiatkowski et al, 2010) systems and DCS (Liang et al, 2011)","WASP (Wong and Mooney, 2007), UBL (Kwiatkowski et al, 2010) systems and DCS (Liang et al, 2011)","'132','9','156','1','160'",dummy,methodcitation
17,P11-1060,P13-1007,0,2011,0,"In general, every plural NPpotentially introduces an implicit universal, ranging 1For example, Liang et al (2011) in their state-of-the-art statistical semantic parser within the domain of natural language queries to databases, explicitly devise quantifier scoping in the semantic model","For example, Liang et al (2011) in their state-of-the-art statistical semantic parser within the domain of natural language queries to databases, explicitly devise quantifier scoping in the semantic model","'132','156','160','140','9'",dummy,methodcitation
18,P11-1060,D11-1022,0,2011,0,"DD-ADMM may be useful in other frameworks involving logical constraints, such as the models for compositional semantics presented by Liang et al (2011)","DD-ADMM may be useful in other frameworks involving logical constraints, such as the models for compositional semantics presented by Liang et al (2011)","'132','161','94','156','138'",dummy,methodcitation
19,P11-1060,P12-1051,0,2011,0,"In fact, for any CFG G, it 1See Liang et al (2011) for work in representing lambda calculus expressions with trees","In fact, for any CFG G, it 1See Liang et al (2011) for work in representing lambda calculus expressions with trees","'9','159','0','160','17'",dummy,methodcitation
