Citance Number,Reference Article,Citing Article,Citation Marker Offset,Citation Marker,Citation Offset,Citation Text,Citation Text Clean,Reference Offset,Reference Text,Discourse Facet
1,P87-1015,P01-1018,0,1987,0,"The approach that Vijay-Shanker et al (1987) and Weir (1988) take, elaborated on by Becker et al (1992), is to identify a very general class of formalisms, which they call linear context free rewriting systems (CFRSs), and define for this class a large space of structural descriptions which serves as a common ground in which the strong generative capacities of these formalisms can be compared","The approach that Vijay-Shanker et al (1987) and Weir (1988) take, elaborated on by Becker et al (1992), is to identify a very general class of formalisms, which they call linear context free rewriting systems (CFRSs), and define for this class a large space of structural descriptions which serves as a common ground in which the strong generative capacities of these formalisms can be compared","'92','207','118','2','4'",dummy,methodcitation
2,P87-1015,E09-1055,0,"Vijay-Shanker et al, 1987",0,"Here we use the standard definition of LCFRS (Vijay-Shanker et al, 1987) and only fix our notation; for a more thorough discussion of this formal ism, we refer to the literature. Let G be an LCFRS","Here we use the standard definition of LCFRS (Vijay-Shanker et al, 1987) and only fix our notation; for a more thorough discussion of this formal ism, we refer to the literature. Let G be an LCFRS",'119',dummy,methodcitation
3,P87-1015,W07-2214,0,"Vijay-Shanker et al, 1987",0,"There are many (structural) mildly context sensitive grammar formalisms ,e.g .mcfg ,lcfrs, mg, and they have been shown to be equivalent (Vijay-Shanker et al., 1987)","There are many (structural) mildly context sensitive grammar formalisms ,e.g .mcfg ,lcfrs, mg, and they have been shown to be equivalent (Vijay-Shanker et al., 1987)","'214','119','34','4','83'",dummy,methodcitation
4,P87-1015,P09-2003,0,NA,0,"They are in particular more powerful than linear context-free rewriting systems (LCFRS) (Vijay-Shanker et al, 1987)","They are in particular more powerful than linear context-free rewriting systems (LCFRS) (Vijay-Shanker et al, 1987)","'92','207','118','134','116'",dummy,methodcitation
5,P87-1015,P09-1111,0,"Vijay-Shanker et al, 1987",0,"Following this line, (Vijay-Shanker et al, 1987) have introduced a formalism called linear context-free rewriting systems (LCFRSs) that has received much attention in later years by the community","Following this line, (Vijay-Shanker et al, 1987) have introduced a formalism called linear context-free rewriting systems (LCFRSs) that has received much attention in later years by the community","'207','92','118','2','134'",dummy,methodcitation
6,P87-1015,P09-1111,0,"Vijay-Shanker et al, 1987",0,"We briefly summarize here the terminology and notation that we adopt for LCFRS; for detailed definitions, see (Vijay-Shanker et al, 1987)","We briefly summarize here the terminology and notation that we adopt for LCFRS; for detailed definitions, see (Vijay-Shanker et al, 1987)",'221',dummy,methodcitation
7,P87-1015,P07-1021,0,"Vijay-Shanker et al, 1987",0,"We write REGD.k/ to refer to the class of regular dependency languages with a gap-degree bounded by k. Linear Context-Free Rewriting Systems Gap-restricted dependency languages are closely related to Linear Context-Free Rewriting Systems (lcfrs) (Vijay-Shanker et al, 1987), a class of formal systems that generalizes several mildly context-sensitive grammar formalisms","Linear Context-Free Rewriting Systems Gap-restricted dependency languages are closely related to Linear Context-Free Rewriting Systems (lcfrs) (Vijay-Shanker et al, 1987), a class of formal systems that generalizes several mildly context-sensitive grammar formalisms","'92','214','118','207','2'",dummy,methodcitation
8,P87-1015,N09-1061,0,"Vijay-Shanker et al, 1987",0,"This observation is in line with empirical studies in the context of dependency parsing, where the need for formalisms with higher fan-out has been observed even in standard, single language texts (Kuhlmann and Nivre, 2006) .In this paper, we present an algorithm that computes optimal decompositions of rules in the formalism of Linear Context-Free Rewriting Systems (LCFRS) (Vijay-Shanker et al, 1987)","This observation is in line with empirical studies in the context of dependency parsing, where the need for formalisms with higher fan-out has been observed even in standard, single language texts (Kuhlmann and Nivre, 2006). In this paper, we present an algorithm that computes optimal decompositions of rules in the formalism of Linear Context-Free Rewriting Systems (LCFRS) (Vijay-Shanker et al, 1987)","'92','118','207','2'",dummy,methodcitation
9,P87-1015,N09-1061,0,1987,0,"We briefly summarize the terminology and notation that we adopt for LCFRS; for detailed definitions, see Vijay-Shanker et al (1987)","We briefly summarize the terminology and notation that we adopt for LCFRS; for detailed definitions, see Vijay-Shanker et al (1987)",'221',dummy,methodcitation
10,P87-1015,W10-1407,0,"Vijay-Shanker et al, 1987",0,"LCFRS (Vijay-Shanker et al, 1987) are anatural extension of CFG in which a single nonterminal node can dominate more than one continuous span of terminals","LCFRS (Vijay-Shanker et al, 1987) are a natural extension of CFG in which a single nonterminal node can dominate more than one continuous span of terminals",'54',dummy,methodcitation
11,P87-1015,W10-1407,0,"Vijay-Shanker et al, 1987",0,"A LCFRS (Vijay-Shanker et al, 1987) is a tuple G= (N, T, V, P, S )wherea) N is a finite set of non-terminals with a function dim: N? N that determines the fan-out of each A? N; b) T and V are disjoint finite sets of terminals and variables; c) S? N is the start symbol with dim (S)= 1; d) P is a finite set of rewriting rules A (? 1,..","A LCFRS (Vijay-Shanker et al, 1987) is a tuple G= (N, T, V, P, S ) where N is a finite set of non-terminals with a function dim: N? N that determines the fan-out of each A? N; b) T and V are disjoint finite sets of terminals and variables; c) S? N is the start symbol with dim (S)= 1; d) P is a finite set of rewriting rules A (? 1,..",'1',dummy,methodcitation
12,P87-1015,E09-1053,0,1987,0,"In particular, we cast new light on the relationship between CCG and other mildly context-sensitive formalisms such as Tree-Adjoining Grammar (TAG; Joshi and Schabes (1997)) and Linear Context-Free Rewrite Systems (LCFRS; Vijay-Shanker et al (1987))","In particular, we cast new light on the relationship between CCG and other mildly context-sensitive formalisms such as Tree-Adjoining Grammar (TAG; Joshi and Schabes (1997)) and Linear Context-Free Rewrite Systems (LCFRS; Vijay-Shanker et al (1987))","'214','92','207','125','118'",dummy,methodcitation
13,P87-1015,E09-1053,0,"Vijay-Shanker et al, 1987",0,"2 By this result, CCG falls in line with context-free grammars, TAG, and LCFRS, whose sets of deriva tional structures are all regular (Vijay-Shanker et al., 1987)","By this result, CCG falls in line with context-free grammars, TAG, and LCFRS, whose sets of derivational structures are all regular (Vijay-Shanker et al., 1987)","'106','50','34','134','204'",dummy,methodcitation
14,P87-1015,E09-1053,0,"Vijay-Shanker et al, 1987",0,"It is important to note that while CCG derivations themselves can be seen as trees as well, they do not always form regular tree languages (Vijay-Shanker et al, 1987)","It is important to note that while CCG derivations themselves can be seen as trees as well, they do not always form regular tree languages (Vijay-Shanker et al, 1987)","'78','102','55','93','21'",dummy,methodcitation
15,P87-1015,N10-1035,0,1987,0,"On this line of investigation, mildly context-sensitive grammar formalisms have been introduced (Joshi,1985), including, among several others, the tree ad joining grammars (TAGs) of Joshi et al (1975) .Linear context-free rewriting system (LCFRS), introduced by Vijay-Shanker et al (1987), is a mildly context-sensitive formalism that allows the derivation of tuples of strings ,i.e., discontinuous phrases","On this line of investigation, mildly context-sensitive grammar formalisms have been introduced (Joshi,1985), including, among several others, the tree ad joining grammars (TAGs) of Joshi et al (1975). Linear context-free rewriting system (LCFRS), introduced by Vijay-Shanker et al (1987), is a mildly context-sensitive formalism that allows the derivation of tuples of strings, i.e., discontinuous phrases","'214','2','125','92','207'",dummy,methodcitation
16,P87-1015,P12-1053,0,1987,0,"CFTG are weakly equivalent to the simple macro grammars of Fischer (1968), which are a notational variant of the well-nested linear context-free rewriting systems (LCFRS) of Vijay-Shanker et al (1987) and the well-nested multiple context-free grammars (MCFG) of Seki et al (1991) .3 Thus, CFTG are mildly context-sensitive since their generated string languages are semi-linear and can be parsed in polynomial time (Go ?mez-Rodr? ?guez et al, 2010)","CFTG are weakly equivalent to the simple macro grammars of Fischer (1968), which are a notational variant of the well-nested linear context-free rewriting systems (LCFRS) of Vijay-Shanker et al (1987) and the well-nested multiple context-free grammars (MCFG) of Seki et al (1991)","'92','118','207','134','2'",dummy,methodcitation
