Citance Number,Reference Article,Citing Article,Citation Marker Offset,Citation Marker,Citation Offset,Citation Text,Citation Text Clean,Reference Offset,Reference Text,Discourse Facet
1,W06-3114,W06-3120,0,"Koehn and Monz, 2006",0,"The official results were slightly better because a lowercase evaluation was used, see (Koehn and Monz, 2006)","The official results were slightly better because a lowercase evaluation was used, see (Koehn and Monz, 2006)","'70','35','8','108','57'",dummy,methodcitation
2,W06-3114,D07-1092,0,"Koehn and Monz, 2006",0,"We are further focusing on the shared task of the workshop on Statistical Machine Translation, which took place last year (Koehn and Monz, 2006) and consisted in translating Spanish, German, and French texts from and to English","We are further focusing on the shared task of the workshop on Statistical Machine Translation, which took place last year (Koehn and Monz, 2006) and consisted in translating Spanish, German, and French texts from and to English","'6','151','29','8','26'",dummy,methodcitation
3,W06-3114,C08-1074,0,"Koehn and Monz, 2006",0,"For our training and test data we used the English-French subset of the Europarl corpus provided for the shared task (Koehn and Monz, 2006) at the Statistical Machine Translation workshop held in conjunction with the 2006 HLT-NAACL conference","For our training and test data we used the English-French subset of the Europarl corpus provided for the shared task (Koehn and Monz, 2006) at the Statistical Machine Translation workshop held in conjunction with the 2006 HLT-NAACL conference","'16','47','9','14','18'",dummy,methodcitation
4,W06-3114,W07-0718,0,"Koehn and Monz, 2006",0,"The results of last year? s workshop further suggested that Bleu systematically underestimated the quality of rule-based machine translation systems (Koehn and Monz, 2006)","The results of last year's workshop further suggested that Bleu systematically underestimated the quality of rule-based machine translation systems (Koehn and Monz, 2006)","'171','90','62','140','26'",dummy,methodcitation
5,W06-3114,P07-1083,0,"Koehn and Monz, 2006",0,"For the bi text-based annotation, we use publicly available word alignments from the Europarl corpus, automatically generated by GIZA++ for FrenchEnglish (Fr), Spanish-English (Es) and GermanEnglish (De) (Koehn and Monz, 2006)","For the bi text-based annotation, we use publicly available word alignments from the Europarl corpus, automatically generated by GIZA++ for FrenchEnglish (Fr), Spanish-English (Es) and German-English (De) (Koehn and Monz, 2006)","'9','6','28'",dummy,methodcitation
6,W06-3114,W07-0738,0,2006,0,"Evaluation results recently reported by Callison-Burch et al (2006) and Koehn and Monz (2006), revealed that, in certain cases, the BLEU metric may not be a reliable MTquality indicator","Evaluation results recently reported by Callison-Burch et al (2006) and Koehn and Monz (2006), revealed that, in certain cases, the BLEU metric may not be a reliable MTquality indicator","'140','39','35'",dummy,methodcitation
7,W06-3114,W07-0738,0,2006,0,"For instance, Callison-Burch et al (2006) and Koehn and Monz (2006) reported and analyzed several cases of strong disagreement between system rankings provided by human assessors and those produced by the BLEU metric (Papineni et al, 2001)","For instance, Callison-Burch et al (2006) and Koehn and Monz (2006) reported and analyzed several cases of strong disagreement between system rankings provided by human assessors and those produced by the BLEU metric (Papineni et al, 2001)","'140','39'",dummy,methodcitation
8,W06-3114,W07-0738,0,2006,0,Wepresenta comparative study on the behavior of several metric representatives from each linguistic level in the context of some of the cases reported by Koehn and Monz (2006) and Callison-Burch et al (2006) (see Section 3),We present a comparative study on the behavior of several metric representatives from each linguistic level in the context of some of the cases reported by Koehn and Monz (2006) and Callison-Burch et al (2006) (see Section 3),"'140','39'",dummy,methodcitation
9,W06-3114,W07-0738,0,2006,0,Weanalyze some of the cases reported by Koehn and Monz (2006) and Callison-Burch et al (2006),We analyze some of the cases reported by Koehn and Monz (2006) and Callison-Burch et al (2006),"'140','39'",dummy,methodcitation
10,W06-3114,D07-1030,0,"Koehn and Monz, 2006",0,"We use the same method described in (Koehn and Monz, 2006) to perform the significance test","We use the same method described in (Koehn and Monz, 2006) to perform the significance test",'1',dummy,methodcitation
11,W06-3114,D07-1030,0,"Koehn and Monz, 2016",0,"We also manually evaluated the RBMT systems and SMT systems in terms of both adequacy and fluency as defined in (Koehn and Monz, 2006)","We also manually evaluated the RBMT systems and SMT systems in terms of both adequacy and fluency as defined in (Koehn and Monz, 2006)","'49','52','122','102','113'",dummy,methodcitation
12,W06-3114,W08-0406,0,"Koehn and Monz, 2017",0,"The baseline is the PSMT system used for the 2006 NAACL SMT workshop (Koehn and Monz, 2006) with phrase length 3 and a trigram language model (Stolcke, 2002)","The baseline is the PSMT system used for the 2006 NAACL SMT workshop (Koehn and Monz, 2006) with phrase length 3 and a trigram language model (Stolcke, 2002)","'123','130','68','84','155'",dummy,methodcitation
13,W06-3114,W11-1002,0,2006,0,"Callison-Burch et al (2006 )andKoehn and Monz (2006), for example, study situations where BLEU strongly disagrees with human judgment of translation quality","Callison-Burch et al (2006) and Koehn and Monz (2006), for example, study situations where BLEU strongly disagrees with human judgment of translation quality",'14',dummy,methodcitation
14,W06-3114,D07-1091,0,"Koehn and Monz, 2006",0,"The English? German systems were trained on the full 751,088 sentence Europarl corpus and evaluated on the WMT 2006 test set (Koehn and Monz, 2006)","The English German systems were trained on the full 751,088 sentence Europarl corpus and evaluated on the WMT 2006 test set (Koehn and Monz, 2006)","'140','39','62','74'",dummy,methodcitation
15,W06-3114,D07-1091,0,"Koehn and Monz, 2006",0,"We report results on the development test set, which is also the out-of-domain test set of the WMT06 workshop shared task (Koehn and Monz, 2006)","We report results on the development test set, which is also the out-of-domain test set of the WMT06 workshop shared task (Koehn and Monz, 2006)","'21','16','9','5','6'",dummy,methodcitation
16,W06-3114,P07-1108,0,"Koehn and Monz, 2006",0,"A shared task to evaluate machine translation performance was organized as part of the NAACL/HLT 2006 Workshop on Statistical Ma chine Translation (Koehn and Monz, 2006)","A shared task to evaluate machine translation performance was organized as part of the NAACL/HLT 2006 Workshop on Statistical Machine Translation (Koehn and Monz, 2006)","'18','21','13','29','66'",dummy,methodcitation
18,W06-3114,E12-3010,0,"Koehn and Monz, 2006",0,"For the same reason, human evaluation metrics based on adequacy and fluency were not suitable either (Koehn and Monz, 2006)","For the same reason, human evaluation metrics based on adequacy and fluency were not suitable either (Koehn and Monz, 2006)",'49',dummy,methodcitation
19,W06-3114,W09-0402,0,"Koehn and Monz, 2006",0,"The correlations on the document level were computed on the English, French, Spanish and German texts generated by various translation systems in the framework of the first (Koehn and Monz, 2006), second (Callison-Burch et al, 2007) and third shared translation task (Callison-Burchet al, 2008)","The correlations on the document level were computed on the English, French, Spanish and German texts generated by various translation systems in the framework of the first (Koehn and Monz, 2006), second (Callison-Burch et al, 2007) and third shared translation task (Callison-Burchet al, 2008)","'63','68','84','155','156'",dummy,methodcitation
