Citance Number,Reference Article,Citing Article,Citation Marker Offset,Citation Marker,Citation Offset,Citation Text,Citation Text Clean,Reference Offset,Reference Text,Discourse Facet
2,W06-2932,W06-2920,,"McDonald et al, 2006",0,"Introduce through post-processing ,e.g. through reattachment rules (Bick, 2006) or if the change increases overall parse tree probability (McDonald et al, 2006)","Introduce through post-processing ,e.g. through reattachment rules (Bick, 2006) or if the change increases overall parse tree probability (McDonald et al, 2006)","'25','2'",dummy,methodcitation
3,W06-2932,W06-2920,0,2006,0,Table 5 shows the official results for submitted parser outputs.31 The two participant groups with the highest total score are McDonald et al (2006) and Nivre et al (2006),Table 5 shows the official results for submitted parser outputs. The two participant groups with the highest total score are McDonald et al (2006) and Nivre et al (2006),"'4','25','56','1','2'",dummy,methodcitation
4,W06-2932,W06-2920,0,2006,0,"Even though McDonald et al (2006) and Nivre et al (2006) obtained very similar overall scores, a more detailed look at their performance shows clear differences","Even though McDonald et al (2006) and Nivre et al (2006) obtained very similar overall scores, a more detailed look at their performance shows clear differences","'61','25','77','2'",dummy,methodcitation
5,W06-2932,W08-1007,0,2006,0,"The high est score on parsing German in the CoNLL-X shared task was obtained by the system of McDonald et al (2006) with a LAS of 87.34 based on the TIGER tree bank, but we want to stress that these results are not comparable due to different data sets (anda different policy regarding the inclusion of punctuation) .The constituency versions were evaluated according to the labeled recall (LR), labeled precision (LP) and labeled F-score (LF)","The highest score on parsing German in the CoNLL-X shared task was obtained by the system of McDonald et al (2006) with a LAS of 87.34 based on the TIGER tree bank, but we want to stress that these results are not comparable due to different data sets (and a different policy regarding the inclusion of punctuation). The constituency versions were evaluated according to the labeled recall (LR), labeled precision (LP) and labeled F-score (LF)","'4','2'",dummy,methodcitation
6,W06-2932,W09-1210,0,2006,,McDonald et al (2006) use an additional algorithm,McDonald et al (2006) use an additional algorithm,"'25','61','2','4'",dummy,methodcitation
7,W06-2932,W12-3407,0,"McDonald et al, 2006",0,"Regarding the data-driven parsers, we have made use of MaltParser (Nivre et al, 2007b) and MST Parser (McDonald et al, 2006), two state of the art dependency parsers representing two dominant approaches in data-driven dependency parsing, and that have been successfully applied to typologically different languages and tree banks (McDonald and Nivre, 2007)","Regarding the data-driven parsers, we have made use of MaltParser (Nivre et al, 2007b) and MST Parser (McDonald et al, 2006), two state of the art dependency parsers representing two dominant approaches in data-driven dependency parsing, and that have been successfully applied to typologically different languages and tree banks (McDonald and Nivre, 2007)","'2','1','9','106','12'",dummy,methodcitation
8,W06-2932,I08-1012,0,"McDonald et al, 2006",0,"In fact, our approach can also be applied to other parsers, such as (Yamada and Matsumoto, 2003)? s parser, (McDonald et al., 2006)? s parser, and so on","In fact, our approach can also be applied to other parsers, such as (Yamada and Matsumoto, 2003)'s parser, (McDonald et al., 2006)'s parser, and so on","'100','61','12','45'",dummy,methodcitation
11,W06-2932,N07-1050,0,"McDonald et al, 2006",0,"We have shown that, for languages with a7McDonald et al (2006) use post-processing for non projective dependencies and for labeling",McDonald et al (2006) use post-processing for non-projective dependencies and for labeling,"'25','61','2','4'",dummy,methodcitation
12,W06-2932,D07-1122,0,"McDonald et al, 2006",0,"As described in (McDonald et al, 2006), we treat the labeling of dependencies as a sequence labeling problem","As described in (McDonald et al, 2006), we treat the labeling of dependencies as a sequence labeling problem","'41','25','20','61','2'",dummy,methodcitation
14,W06-2932,D07-1015,0,2006,0,5It should be noted that McDonald et al (2006) use a richer feature set that is incomparable to our features,It should be noted that McDonald et al (2006) use a richer feature set that is incomparable to our features,"'25','46','2','31','29'",dummy,methodcitation
18,W06-2932,D10-1004,0,2006,0,"Entries marked with? are the highest reported in the literature, to the best of our knowledge, beating (sometimes slightly) McDonald et al (2006), Martins et al (2008), Martins et al (2009), and, in the case of English Proj., also the third-order parser of Koo and Collins (2010), which achieves 93.04% on that dataset (their experiments in Czech are not comparable, since the datasets are different)","Entries marked with are the highest reported in the literature, to the best of our knowledge, beating (sometimes slightly) McDonald et al (2006), Martins et al (2008), Martins et al (2009), and, in the case of English Proj., also the third-order parser of Koo and Collins (2010), which achieves 93.04% on that dataset (their experiments in Czech are not comparable, since the datasets are different)",'1',dummy,methodcitation
19,W06-2932,P08-1108,0,"McDonald et al, 2006",0,"The specific graph-based model studied in this work is that presented by McDonald et al (2006), which factors scores over pairs of arcs (instead of just single arcs) and uses near exhaustive search for unlabeled parsing coupled with a separate classifier to label each arc. We call this system MSTParser, or simply MST for short, which is also the name of the freely available implementation.2 2.3 Transition-Based Models","The specific graph-based model studied in this work is that presented by McDonald et al (2006), which factors scores over pairs of arcs (instead of just single arcs) and uses near exhaustive search for unlabeled parsing coupled with a separate classifier to label each arc. We call this system MSTParser, or simply MST for short, which is also the name of the freely available implementation.","'20','2'",dummy,methodcitation
20,W06-2932,P08-1108,0,"McDonald et al, 2006",0,"More precisely, dependency arcs (or pairs of arcs) are first represented by a high dimensional feature vector f (i, j, l)? Rk, where f is typically a bi nary feature vector over properties of the arc as well as the surrounding input (McDonald et al, 2005a; McDonald et al, 2006)","More precisely, dependency arcs (or pairs of arcs) are first represented by a high dimensional feature vector f (i, j, l) Rk, where f is typically a binary feature vector over properties of the arc as well as the surrounding input (McDonald et al, 2005a; McDonald et al, 2006)","'2','16','25','43'",dummy,methodcitation
