Citance Number,Reference Article,Citing Article,Citation Marker Offset,Citation Marker,Citation Offset,Citation Text,Citation Text Clean,Reference Offset,Reference Text,Discourse Facet
1,W11-2123,W11-2138,0,"Heafield, 2011",0,"We used common tools for phrase-based translation? Moses (Koehn et al, 2007) decoder and tools, SRILM (Stolcke, 2002) and KenLM (Heafield, 2011) for language modelling and GIZA++ (Och and Ney, 2000) for word alignments","We used common tools for phrase-based translation Moses (Koehn et al, 2007) decoder and tools, SRILM (Stolcke, 2002) and KenLM (Heafield, 2011) for language modelling and GIZA++ (Och and Ney, 2000) for word alignments","'97','12','140','244','4'",dummy,methodcitation
2,W11-2123,P14-2022,0,"Heafield, 2011",0,"The language model was com piled into KenLM probing format (Heafield, 2011) and placed in RAM while text phrase tables were forced into the disk cache before each run","The language model was compiled into KenLM probing format (Heafield, 2011) and placed in RAM while text phrase tables were forced into the disk cache before each run","'223','0','244','45','1'",dummy,methodcitation
3,W11-2123,W12-3145,0,"Heafield, 2011",0,"Thus given afragment tf consisting of a sequence of target to kens, we compute LM scores for (i) < s& gt ;tf, (ii )tf and (iii )tf < /s& gt; and use the best score (only) for pruning.2 While this increases the number ofLM queries, we exploit the language model state in formation in KenLM (Heafield, 2011) to optimize the queries by saving the scores for the unchanged states","Thus given a fragment tf consisting of a sequence of target tokens, we compute LM scores for (i) < s& gt ;tf, (ii )tf and (iii )tf < /s& gt; and use the best score (only) for pruning. While this increases the number of LM queries, we exploit the language model state in formation in KenLM (Heafield, 2011) to optimize the queries by saving the scores for the unchanged states","'0','135','1','11'",dummy,methodcitation
4,W11-2123,W12-3131,0,"Heafield, 2011",0,"Our translation system uses cdec (Dyer et al,2010), an implementation of the hierarchical phrase based translation model (Chiang, 2007) that uses the KenLM library (Heafield, 2011) for language model inference","Our translation system uses cdec (Dyer et al,2010), an implementation of the hierarchical phrase based translation model (Chiang, 2007) that uses the KenLM library (Heafield, 2011) for language model inference","'1','0','244','130','223'",dummy,methodcitation
5,W11-2123,W12-3154,0,"Heafield, 2011",0,"The three data sets in use in this paper are summarised in Table 1.The translation systems consisted of phrase tables and lexicalised reordering tables estimated using the standard Moses (Koehn et al, 2007) training pipeline, and 5-gram Kneser-Ney smoothed language models estimated using the SRILM toolkit (Stolcke, 2002), with KenLM (Heafield, 2011) used at runtime","The three data sets in use in this paper are summarised in Table 1.The translation systems consisted of phrase tables and lexicalised reordering tables estimated using the standard Moses (Koehn et al, 2007) training pipeline, and 5-gram Kneser-Ney smoothed language models estimated using the SRILM toolkit (Stolcke, 2002), with KenLM (Heafield, 2011) used at runtime","'12','254','244','7','15'",dummy,methodcitation
6,W11-2123,P12-2058,0,"Heafield, 2011",0,"The features used are basic lexical features, word penalty and a 3-gram Language Model (Heafield, 2011)","The features used are basic lexical features, word penalty and a 3-gram Language Model (Heafield, 2011)","'11','52','184','0','68'",dummy,methodcitation
7,W11-2123,W11-2139,0,2011,0,Inference was carried out using the language modeling library described by Heafield (2011),Inference was carried out using the language modeling library described by Heafield (2011),"'129','274','68','239','114'",dummy,methodcitation
8,W11-2123,P13-2003,0,"Heafield, 2011",0,"We used the MADA ATB segmentation for Arabic (Roth et al, 2008) and true casing for English, phrases of maximal length 7, KneserNey smoothing, and lexicalized reordering (Koehn et al, 2005), and a 5-gram language model, trained on GigaWordv.5 using KenLM (Heafield, 2011)","We used the MADA ATB segmentation for Arabic (Roth et al, 2008) and true casing for English, phrases of maximal length 7, KneserNey smoothing, and lexicalized reordering (Koehn et al, 2005), and a 5-gram language model, trained on GigaWordv.5 using KenLM (Heafield, 2011)","'52','1','13','7'",dummy,methodcitation
9,W11-2123,W12-3134,0,2011,0,The approach we take is similar to work on efficiently storing large phrase tables by Zens and Ney (2007) and language mod els by Heafield (2011) and Pauls and Klein (2011)? both language model implementations are now integrated with Joshua,The approach we take is similar to work on efficiently storing large phrase tables by Zens and Ney (2007) and language models by Heafield (2011) and Pauls and Klein (2011)? both language model implementations are now integrated with Joshua,"'114','16','244','45','223'",dummy,methodcitation
10,W11-2123,W12-3134,0,2011,0,Our quantization approach follows Federico and Bertoldi (2006) and Heafield (2011) in partitioning the value histogram into 256 equal-sized buckets,Our quantization approach follows Federico and Bertoldi (2006) and Heafield (2011) in partitioning the value histogram into 256 equal-sized buckets,"'92','283'",dummy,methodcitation
11,W11-2123,W12-3134,0,2011,0,"With the help of the respective original authors, the language model implementations by Heafield (2011) and Pauls and Klein (2011) have been integrated with Joshua, dropping support for the slower and more difficult to compile SRILM toolkit (Stolcke, 2002)","With the help of the respective original authors, the language model implementations by Heafield (2011) and Pauls and Klein (2011) have been integrated with Joshua, dropping support for the slower and more difficult to compile SRILM toolkit (Stolcke, 2002)","'97','12','114','16','11'",dummy,methodcitation
12,W11-2123,W12-3160,0,"Heafield, 2011",0,"This was used to create a KenLM (Heafield, 2011)","This was used to create a KenLM (Heafield, 2011)","'189','144','0','158','97'",dummy,methodcitation
13,W11-2123,W12-3706,0,"Heafield, 2011",0,"In the Opinum system we query the M p, M n mod els with the KenLM (Heafield, 2011) open-source library because it answers the queries very quickly and has a short loading time, which is suitable fora web application","In the Opinum system we query the M p, M n models with the KenLM (Heafield, 2011) open-source library because it answers the queries very quickly and has a short loading time, which is suitable for a web application","'7','1','8','103','137'",dummy,methodcitation
14,W11-2123,W11-2147,0,"Heafield, 2011",0,"Our base line is a factored phrase based SMT system that uses the Moses toolkit (Koehn et al, 2007) for translation model training and decoding, GIZA++ (Ochand Ney, 2003) for word alignment, SRILM (Stolcke, 2002) an KenLM (Heafield, 2011) for language modelling and minimum error rate training (Och, 2003) to tune model feature weights","Our base line is a factored phrase based SMT system that uses the Moses toolkit (Koehn et al, 2007) for translation model training and decoding, GIZA++ (Ochand Ney, 2003) for word alignment, SRILM (Stolcke, 2002) an KenLM (Heafield, 2011) for language modelling and minimum error rate training (Och, 2003) to tune model feature weights","'12','244','130','1','276'",dummy,methodcitation
15,W11-2123,E12-1083,0,"Heafield, 2011",0,"For language modeling, we computed 5-gram models using IRSTLM7 (Federico et al., 2008) and queried the model with KenLM (Heafield, 2011)","For language modeling, we computed 5-gram models using IRSTLM7 (Federico et al., 2008) and queried the model with KenLM (Heafield, 2011)","'103','0','13','7','223'",dummy,methodcitation
16,W11-2123,P12-1002,0,"Heafield, 2011",0,"Furthermore, the extraction of grammars for training is done in a leave-one-out fashion (Zollmann and Sima ?an,2005) where rules are extracted for a parallel sentence pair only if the same rules are found in other sentences of the corpus as well.3-gram (news-commentary) and 5-gram (Europarl) language models are trained on the data described in Table 1, using the SRILM toolkit (Stolcke, 2002) and binarized for efficient querying using kenlm (Heafield, 2011)","Furthermore, the extraction of grammars for training is done in a leave-one-out fashion (Zollmann and Simaan,2005) where rules are extracted for a parallel sentence pair only if the same rules are found in other sentences of the corpus as well.3-gram (news-commentary) and 5-gram (Europarl) language models are trained on the data described in Table 1, using the SRILM toolkit (Stolcke, 2002) and binarized for efficient querying using kenlm (Heafield, 2011)","'12','1','7','19'",dummy,methodcitation
17,W11-2123,D12-1108,0,"Heafield, 2011",0,"n-gram language model scores implemented with the KenLM toolkit (Heafield, 2011), 3","n-gram language model scores implemented with the KenLM toolkit (Heafield, 2011), 3","'0','131','52','7','165'",dummy,methodcitation
18,W11-2123,P12-2006,0,"Heafield, 2011",0,"Research efforts to increase search efficiency for phrase-based MT (Koehn et al, 2003) have explored several directions, ranging from generalizing the stack decoding algorithm (Ortiz et al, 2006) to additional early pruning techniques (Delaney et al, 2006), (Moore and Quirk, 2007) and more efficient language model (LM) querying (Heafield, 2011)","Research efforts to increase search efficiency for phrase-based MT (Koehn et al, 2003) have explored several directions, ranging from generalizing the stack decoding algorithm (Ortiz et al, 2006) to additional early pruning techniques (Delaney et al, 2006), (Moore and Quirk, 2007) and more efficient language model (LM) querying (Heafield, 2011)","'1','17','11','5','9'",dummy,methodcitation
19,W11-2123,P13-2073,0,"Heafield, 2011",0,"For English language modeling, we use English Giga word Corpus with 5-gram LM using the KenLM toolkit (Heafield, 2011)","For English language modeling, we use English Giga word Corpus with 5-gram LM using the KenLM toolkit (Heafield, 2011)","'68','0','47','239','130'",dummy,methodcitation
20,W11-2123,P13-1109,0,"Heafield, 2011",0,"For the language model, we used the KenLM toolkit (Heafield, 2011) to create a 5-gram language model on the target side of the Europarl corpus (v7) with approximately 54M tokens with KneserNey smoothing","For the language model, we used the KenLM toolkit (Heafield, 2011) to create a 5-gram language model on the target side of the Europarl corpus (v7) with approximately 54M tokens with KneserNey smoothing","'0','223','1','52','12'",dummy,methodcitation
